0050,台灣50,"7,495,000",611,"484,859,900",64.65,64.8,64.6,64.65,－,0.15,64.65,643,64.7,406,0
0051,中100,"16,000",15,"489,670",30.73,30.73,30.52,30.53,－,0.22,30.59,1,30.6,7,0
0052,FB科技,"1,000",1,"39,180",39.18,39.18,39.18,39.18,＋,0.05,38.46,1,39.18,1,0
0053,寶電子,"99,000",30,"2,860,810",28.98,28.98,28.72,28.84,－,0.09,28.81,13,28.93,2,0
0054,台商50,"6,000",5,"138,270",23.03,23.1,23.03,23.04,－,0.25,23.04,2,23.29,6,0
0055,寶金融,"363,000",41,"5,068,870",13.95,13.98,13.92,13.95,－,0.02,13.95,732,13.96,50,0
0056,高股息,"380,000",204,"9,470,440",24.94,24.98,24.9,24.98,＋,0.04,24.97,2,24.98,13,0
0057,FB摩台,"205,000",8,"7,959,040",38.8,38.85,38.72,38.72,－,0.08,38.72,50,38.75,50,0
0058,FB發達,"5,000",1,"187,400",37.48,37.48,37.48,37.48,－,0.21,37.41,30,37.58,23,0
0059,FB金融,"1,000",1,"31,080",31.08,31.08,31.08,31.08,＋,0.03,30.9,27,31.15,5,0
0060,新台灣,"1,000",1,"30,930",30.93,30.93,30.93,30.93,－,0.06,30.69,2,30.93,3,0
0061,寶滬深,"5,475,000","1,916","62,588,740",11.48,11.5,11.4,11.42,－,0.06,11.42,67,11.43,56,0
006203,寶摩臺,"31,000",3,"959,160",30.93,31.12,30.93,31.12,－,0.02,30.93,1,31.13,42,0
006204,豐臺灣,"657,000",10,"30,074,670",45.78,45.79,45.68,45.69,－,0.07,45.67,200,45.7,200,0
006205,FB上証,"6,122,000",655,"110,084,980",18.05,18.06,17.91,18.01,－,0.03,18,67,18.01,83,0
006206,元上證,"2,346,000",552,"40,132,920",17.21,17.21,17.05,17.07,－,0.14,17.07,135,17.1,125,0
006207,FH滬深,"3,342,000",341,"43,898,450",13.21,13.21,13.09,13.14,－,0.07,13.14,81,13.16,90,0
006208,FB台50,"20,000",2,"736,200",36.81,36.81,36.81,36.81,X,0,36.7,49,36.8,1,0
0080,琱什,0,0,0,--,--,--,--,,0,343.4,1,347.45,1,0
0081,畯輕,0,0,0,--,--,--,--,,0,811,1,820,1,0
008201,上證50,400,2,"19,846",49.68,49.68,49.55,49.55,＋,0.05,49,2,49.55,14,0
01001T,富邦R1,"396,000",17,"5,548,060",14,14.05,14,14.02,＋,0.03,14.02,114,14.05,23,0
01002T,國泰R1,"316,000",22,"5,506,160",17.49,17.49,17.4,17.49,－,0.01,17.45,100,17.49,19,0
01003T,新光R1,"91,000",19,"1,190,880",13.09,13.09,13.08,13.08,－,0.01,13.07,30,13.13,20,0
01004T,富邦R2,"118,000",21,"1,363,550",11.5,11.57,11.5,11.56,＋,0.06,11.53,12,11.56,21,0
01007T,國泰R2,"206,000",4,"2,925,250",14.2,14.25,14.2,14.25,＋,0.05,14.22,2,14.25,30,0
01008T,駿馬R1,"613,000",34,"10,801,040",17.59,17.65,17.59,17.61,＋,0.02,17.61,19,17.63,10,0
1101,台泥,"6,396,000","2,433","285,706,300",45.05,45.1,44.5,44.65,－,0.35,44.65,77,44.7,7,15.78
1102,亞泥,"5,032,000","2,724","204,093,600",40.35,40.75,40.2,40.55,＋,0.15,40.55,88,40.6,6,19.04
1103,嘉泥,"468,000",103,"7,439,550",15.95,15.95,15.85,15.85,－,0.1,15.85,153,15.9,1,8.9
1104,環泥,"133,000",105,"3,813,100",29,29,28.5,28.65,－,0.35,28.6,8,28.65,18,14.77
1108,幸福,"199,000",78,"1,803,330",9.04,9.1,9.02,9.1,＋,0.05,9.07,1,9.1,23,20.22
1109,信大,"255,000",116,"3,753,450",14.65,14.75,14.65,14.75,＋,0.1,14.65,9,14.75,11,19.16
1110,東泥,"86,000",32,"1,353,600",15.8,15.8,15.65,15.75,－,0.05,15.6,54,15.75,7,58.33
1201,味全,"263,000",144,"11,848,350",44.7,45.2,44.7,45,－,0.15,45,148,45.1,23,27.27
1203,味王,"66,000",47,"1,449,550",21.95,22.05,21.9,21.95,,0,21.95,6,22,1,19.6
1210,大成,"2,167,000","1,159","76,384,000",35.1,35.4,35.1,35.35,＋,0.25,35.3,9,35.35,12,9.71
1213,大飲,"51,000",40,"1,085,550",21.3,21.4,21.15,21.2,－,0.1,21.2,6,21.3,3,96.36
1215,卜蜂,"4,387,000","1,570","118,382,450",26.8,27.4,26.8,26.8,－,0.2,26.8,124,26.9,1,10.63
1216,統一,"9,222,000","2,684","489,070,900",52.9,53.7,52.5,53.3,＋,0.4,53.3,512,53.4,47,20.66
1217,愛之味,"4,431,000",722,"41,288,040",9.24,9.42,9.21,9.3,＋,0.06,9.29,112,9.3,30,0
1218,泰山,"964,000",389,"12,843,600",13.3,13.45,13.25,13.3,＋,0.05,13.3,125,13.35,64,0
1219,福壽,"60,000",45,"934,150",15.7,15.7,15.45,15.55,－,0.05,15.45,4,15.55,23,47.12
1220,台榮,"66,000",31,"678,950",10.3,10.35,10.25,10.35,,0,10.35,5,10.4,7,32.34
1225,福懋油,"1,533,000",228,"23,684,500",15.5,15.65,15.3,15.55,＋,0.05,15.55,292,15.6,30,43.19
1227,佳格,"838,000",520,"68,596,400",81.6,82.5,81.6,81.6,－,0.3,81.6,57,81.7,5,31.51
1229,聯華,"1,007,000",385,"20,933,700",20.85,20.85,20.75,20.85,,0,20.8,74,20.85,16,10.07
1231,聯華食,"209,000",114,"8,534,300",40.75,41,40.65,40.8,＋,0.15,40.8,1,40.85,5,21.03
1232,大統益,"153,000",96,"12,340,300",81.6,81.6,80,80.3,－,1.3,80.3,7,80.7,1,16.35
1233,天仁,"70,000",59,"3,670,800",52.5,53.1,51.7,52.7,＋,0.2,52.3,4,52.7,4,19.45
1234,黑松,"1,721,000",768,"57,579,250",33,33.75,32.95,33.55,＋,0.7,33.55,41,33.6,8,49.34
1235,興泰,"1,324,000",730,"54,122,150",42.2,42.2,40,41.05,－,1.15,41,40,41.05,20,132.42
1236,宏亞,"26,000",20,"676,550",26.1,26.2,25.95,26.1,,0,25.9,17,26.2,13,29.33
1262,F-綠悅,"153,000",127,"32,412,000",214,214,210,214,,0,212,2,214,9,25.54
1301,台塑,"2,211,000","1,025","175,650,100",79.9,79.9,79.1,79.1,－,0.8,79.1,16,79.2,4,22.47
1303,南亞,"8,030,000","3,078","570,808,200",70.7,71.4,70.7,70.8,,0,70.8,608,70.9,1,20.34
1304,台聚,"2,237,000",663,"44,340,450",19.7,20,19.65,19.85,＋,0.05,19.85,3,19.9,29,30.54
1305,華夏,"3,421,000",759,"56,545,050",16.6,16.65,16.35,16.65,＋,0.05,16.6,152,16.65,112,12.91
1307,三芳,"131,000",78,"3,982,600",30.35,30.5,30.35,30.45,－,0.15,30.4,3,30.5,16,13.13
1308,亞聚,"1,906,000",582,"48,247,350",25.45,25.45,25.15,25.3,－,0.15,25.3,49,25.35,4,23.21
1309,台達化,"3,065,000",928,"36,191,250",11.95,11.95,11.7,11.8,－,0.15,11.75,230,11.8,2,0
1310,台苯,"2,756,000",882,"51,005,000",18.6,18.65,18.4,18.45,－,0.15,18.45,180,18.5,60,8.62
1312,國喬,"4,715,000","1,962","88,288,350",18.9,19.05,18.65,18.65,－,0.45,18.65,642,18.7,54,8.92
1312A,國喬特,"7,000",3,"166,600",23.8,23.9,23.7,23.9,,0,23.7,3,23.9,4,0
1313,聯成,"496,000",161,"6,479,400",13.15,13.15,13,13.1,＋,0.05,13.05,5,13.1,211,56.96
1314,中石化,"25,847,000","4,870","318,548,450",12.4,12.5,12.2,12.2,－,0.3,12.2,1177,12.25,5,0
1315,達新,"28,000",23,"806,600",28.9,28.9,28.65,28.85,－,0.05,28.85,2,28.9,5,36.99
1316,上曜,"130,000",50,"1,544,950",11.9,11.9,11.85,11.85,－,0.05,11.85,23,11.9,29,0
1319,東陽,"1,104,000",871,"45,210,700",40.9,41.35,40.5,40.85,＋,0.3,40.85,9,40.9,27,17.02
1321,大洋,"1,002,000",472,"44,916,650",45.45,45.55,44.3,45,－,0.15,44.95,1,45,1,750
1323,永裕,"147,000",95,"5,078,500",34.7,34.8,34.3,34.6,－,0.1,34.6,5,34.7,1,12.27
1324,地球,"66,000",40,"1,106,000",16.85,16.85,16.65,16.65,－,0.15,16.65,15,16.8,8,28.22
1325,恆大,"839,000",449,"16,011,900",18.85,19.35,18.85,19.15,＋,0.3,19.15,17,19.2,36,28.58
1326,台化,"3,998,000","2,539","300,863,100",75,75.5,74.7,74.7,－,0.7,74.7,437,74.9,2,19.45
1337,F-再生,"723,000",457,"44,710,600",61.5,62.1,61.5,61.8,＋,0.3,61.7,14,61.9,3,9.06
1338,F-廣華,"929,000",432,"114,419,500",121,125.5,121,122.5,＋,1.5,122,59,122.5,1,17.91
1339,昭輝,"543,000",293,"40,177,600",69.9,74.7,69.9,74.7,＋,4.8,74.7,433,--,0,21.22
1340,F-勝悅,"532,000",364,"69,007,000",124,133,123.5,130.5,＋,6,130.5,5,131,2,14.95
1402,遠東新,"2,367,000","1,200","75,255,800",31.85,31.85,31.7,31.8,－,0.05,31.75,351,31.8,44,22.71
1409,新纖,"2,050,000",458,"21,197,400",10.4,10.4,10.3,10.35,－,0.05,10.3,786,10.35,9,11.25
1410,南染,"2,000",2,"47,800",23.8,24,23.8,24,＋,0.2,23.75,3,23.8,1,23.08
1413,宏洲,"94,000",30,"381,720",4.05,4.09,4.04,4.07,,0,4.07,3,4.08,5,0
1414,東和,"150,000",71,"1,366,790",9.16,9.16,9.1,9.11,－,0.05,9.1,23,9.13,4,15.98
1416,廣豐,"863,000",227,"17,260,250",20.2,20.25,19.85,19.85,,0,19.8,140,19.85,21,152.69
1417,嘉裕,"414,000",105,"3,462,660",8.39,8.4,8.34,8.36,－,0.03,8.36,13,8.4,21,27.87
1418,東華,"154,000",18,"1,056,600",6.86,6.9,6.85,6.85,－,0.02,6.8,30,6.85,9,0
1419,新紡,"46,000",40,"1,790,850",38.65,39,38.65,39,,0,38.8,3,39,19,70.91
1423,利華,"1,225,000",35,"9,351,930",7.61,7.71,7.61,7.71,＋,0.08,7.7,22,7.71,2,0
1432,大魯閣,"434,000",130,"10,592,250",24.35,24.6,24.3,24.3,－,0.1,24.3,37,24.4,23,0
1434,福懋,"631,000",363,"20,767,300",32.85,33.05,32.8,32.95,－,0.05,32.85,1,32.95,26,25.54
1435,中福,"305,000",85,"1,937,930",6.37,6.48,6.3,6.3,－,0.07,6.29,3,6.36,1,0
1436,華友聯,"32,000",22,"1,572,000",49.4,49.7,48.1,49.7,＋,0.2,48.4,2,49.9,7,0
1437,勤益,"178,000",62,"3,479,800",19.45,19.7,19.45,19.7,＋,0.2,19.55,55,19.7,23,0
1438,裕豐,"511,000",101,"3,459,290",6.42,6.86,6.42,6.86,＋,0.44,6.86,32,--,0,27.44
1439,中和,"591,000",88,"8,613,050",14.45,15.15,14.4,14.7,＋,0.2,14.7,5,14.8,28,0
1440,南紡,"1,125,000",460,"21,834,100",19.6,19.6,19.35,19.35,－,0.25,19.35,60,19.4,33,30.71
1441,大東,"239,000",60,"2,254,650",9.47,9.5,9.39,9.48,,0,9.44,2,9.48,7,0
1442,名軒,"365,000",171,"12,441,400",34.4,34.5,33.95,34.1,－,0.3,34,36,34.1,15,6.48
1443,立益,"87,000",56,"656,160",7.54,7.55,7.54,7.55,－,0.07,7.55,32,7.61,5,0
1444,力麗,"696,000",278,"7,407,550",10.65,10.7,10.6,10.7,＋,0.1,10.6,244,10.7,560,17.26
1445,大宇,"57,000",22,"566,510",9.95,9.98,9.9,9.95,＋,0.05,9.89,3,9.95,53,23.69
1446,宏和,"155,000",73,"4,761,200",30.5,31.2,30.4,30.8,＋,0.2,30.75,10,30.9,30,0
1447,力鵬,"2,236,000",650,"29,456,950",13.1,13.3,13.1,13.2,,0,13.2,137,13.25,2,10.73
1449,佳和,"29,000",7,"45,010",1.6,1.6,1.55,1.55,－,0.06,1.55,17,1.56,9,0
1451,年興,"571,000",381,"17,220,650",30.3,30.35,30,30,－,0.35,30,88,30.15,1,13.27
1452,宏益,"1,121,000",346,"13,054,900",11.8,11.8,11.5,11.6,X,0,11.6,148,11.65,36,10.45
1453,大將,"248,000",70,"2,488,190",10.15,10.2,9.98,10,－,0.2,10,10,10.05,5,47.62
1454,台富,"3,000",2,"24,260",8.12,8.12,8.07,8.07,－,0.03,8.05,3,8.1,2,26.03
1455,集盛,"463,000",147,"4,293,890",9.3,9.33,9.23,9.27,,0,9.27,59,9.29,2,19.72
1456,怡華,"34,000",5,"319,600",9.4,9.4,9.4,9.4,,0,9.4,26,9.5,20,0
1457,宜進,"306,000",84,"2,603,280",8.54,8.55,8.48,8.5,－,0.04,8.5,7,8.52,64,11.04
1459,聯發,"152,000",42,"1,471,470",9.68,9.71,9.61,9.69,－,0.03,9.63,10,9.69,11,15.38
1460,宏遠,"2,285,000",841,"38,694,200",16.85,17.15,16.7,16.85,,0,16.85,90,16.9,23,31.79
1463,強盛,"242,000",80,"3,523,650",14.6,14.7,14.5,14.6,,0,14.55,2,14.6,28,39.46
1464,得力,"124,000",27,"1,485,750",11.95,12.05,11.95,11.95,,0,11.95,2,12,25,0
1465,偉全,"119,000",42,"2,463,900",20.7,20.75,20.65,20.7,＋,0.15,20.7,3,20.75,27,14.48
1466,聚隆,"260,000",79,"5,733,450",22,22.15,21.95,22,,0,22,102,22.15,8,22.22
1467,南緯,"459,000",166,"6,538,950",14.25,14.35,14.15,14.25,,0,14.2,55,14.25,19,18.04
1468,昶和,"49,000",20,"492,470",10.05,10.1,9.87,10.05,＋,0.06,9.98,11,10.05,12,0
1469,理隆,"130,000",36,"1,529,650",12.05,12.05,11.7,12,－,0.1,11.85,2,11.95,2,0
1470,大統染,"3,000",3,"53,850",17.7,18.2,17.7,17.95,－,0.8,17.9,1,18.15,1,36.63
1471,首利,"1,394,000",406,"14,417,450",10.2,10.45,10.15,10.3,,0,10.3,28,10.35,64,0
1472,三洋紡,"71,000",57,"3,002,000",43.2,43.2,41.55,41.9,－,1.3,41.9,3,42.3,1,0
1473,台南,"228,000",152,"7,145,000",31.1,31.5,31.1,31.35,＋,0.05,31.35,4,31.5,19,27.5
1474,弘裕,"222,000",47,"2,030,030",9.08,9.2,9.07,9.07,－,0.01,9.07,4,9.17,4,16.8
1475,本盟,"30,000",22,"483,950",16.3,16.3,15.9,16.25,－,0.05,16.1,1,16.25,2,0
1476,儒鴻,"637,000",572,"194,114,000",301.5,308,301.5,307,＋,6,307,67,308,31,27.48
1477,聚陽,"514,000",414,"80,314,500",156,157.5,154,157.5,＋,1.5,157,2,157.5,29,18.51
1503,士電,"115,000",86,"4,307,050",37.5,37.6,37.2,37.6,,0,37.45,12,37.6,10,15.86
1504,東元,"4,830,000","2,138","162,083,400",33.7,33.75,33.4,33.6,－,0.15,33.55,36,33.6,50,17.5
1506,正道,"839,000",239,"18,894,600",22.7,22.75,22.4,22.65,－,0.05,22.5,58,22.65,61,0
1507,永大,"1,555,000",619,"106,005,900",68.2,69.2,67.2,68.7,＋,0.2,68.5,165,68.7,8,15.47
1512,瑞利,"743,000",209,"6,596,760",8.84,8.92,8.82,8.88,＋,0.05,8.86,1,8.88,26,0
1513,中興電,"1,135,000",479,"23,630,950",20.9,20.95,20.7,20.75,－,0.15,20.75,25,20.8,35,17.01
1514,亞力,"356,000",121,"3,306,490",9.38,9.38,9.25,9.28,－,0.1,9.28,28,9.31,5,29
1515,力山,"215,000",61,"2,370,050",11.1,11.1,10.95,11.05,,0,10.95,24,11.05,91,9.78
1516,川飛,0,0,0,--,--,--,--,,0,9.66,2,--,0,48.3
1517,利奇,"378,000",131,"6,044,700",16,16.05,15.9,16.05,＋,0.05,16,91,16.05,29,10.63
1519,華城,"135,000",69,"2,124,450",15.6,15.8,15.6,15.75,＋,0.15,15.7,6,15.75,1,28.64
1521,大億,"168,000",146,"14,109,100",83.5,84.5,83.1,84.2,＋,0.7,83.8,1,84.3,2,18.11
1522,堤維西,"1,976,000",756,"41,457,150",20.7,21.15,20.6,20.85,＋,0.15,20.85,7,20.9,1,48.49
1524,耿鼎,"183,000",76,"1,543,510",8.42,8.48,8.42,8.43,,0,8.42,26,8.43,1,0
1525,江申,"118,000",98,"9,154,100",78.4,78.4,77.1,78,＋,0.2,77.7,1,78,1,16.81
1526,日馳,"66,000",33,"757,400",11.3,11.65,11.3,11.35,＋,0.2,11.35,2,11.45,1,14.74
1527,鑽全,"1,055,000",566,"40,964,250",39.05,39.2,38.65,39.2,＋,0.15,39.15,2,39.25,7,10.13
1528,恩德,"141,000",56,"2,070,700",14.6,14.75,14.55,14.7,＋,0.05,14.6,2,14.7,15,19.34
1529,樂士,"384,000",56,"1,401,500",3.65,3.65,3.64,3.65,＋,0.23,3.46,8,3.65,50,0
1530,亞崴,"82,000",67,"4,498,400",55.1,55.5,54.6,55,－,0.5,54.9,2,55.1,5,21.83
1531,高林股,"491,000",250,"12,373,250",24.95,25.5,24.9,25.5,＋,0.55,25.5,18,25.55,50,18.61
1532,勤美,"323,000",194,"11,220,550",34.75,34.9,34.65,34.75,,0,34.7,2,34.75,74,4.33
1533,車王電,"11,990,000","7,151","886,876,500",71.6,75.3,71.6,75.3,＋,4.9,75.3,618,--,0,28.42
1535,中宇,"25,000",22,"1,895,500",76,76.3,75.6,76,,0,75.7,8,76.1,1,16.31
1536,和大,"1,235,000",699,"63,828,900",51.6,52.2,51.3,51.5,－,0.1,51.5,22,51.7,26,24.41
1537,廣隆,"262,000",208,"25,883,800",99.7,99.7,98.2,99.4,＋,0.1,99.3,16,99.4,13,15.06
1538,正峰新,"430,000",148,"4,053,640",9.5,9.5,9.35,9.35,－,0.1,9.35,24,9.36,1,0
1539,巨庭,"153,000",87,"3,272,000",21.5,21.6,21.25,21.5,－,0.1,21.4,20,21.5,8,16.17
1540,喬福,"108,000",49,"2,539,000",23.5,23.6,23.45,23.5,－,0.1,23.45,9,23.5,9,13.82
1541,錩泰,"39,000",24,"679,300",17.5,17.55,17.3,17.5,－,0.05,17.5,5,17.55,1,60.34
1560,中砂,"1,538,000","1,020","134,729,000",86.2,88.9,85.4,88,＋,2,87.9,16,88,39,22.11
1568,倉佑,"507,000",279,"14,036,700",28,28.05,27.4,27.55,－,0.45,27.5,4,27.55,2,29.62
1582,信錦,"4,480,000","2,454","296,802,900",64,67.5,64,67.5,＋,3.5,67.5,4,67.6,51,15.55
1583,程泰,"74,000",66,"7,382,800",100,100,99.3,99.9,－,0.1,99.6,2,99.9,3,24.31
1589,F-永冠,"738,000",536,"103,934,000",143,143,139.5,141.5,－,1.5,141.5,20,142,116,21.47
1590,F-亞德,"844,000",768,"256,247,500",295,310.5,294.5,308,＋,14.5,307.5,3,308,2,28.7
1603,華電,"359,000",93,"4,508,700",12.7,12.7,12.45,12.65,－,0.15,12.6,5,12.65,20,13.46
1604,聲寶,"311,000",140,"3,737,650",12,12.1,11.95,12.05,＋,0.05,12,4,12.05,41,13.39
1605,華新,"6,096,000","1,557","63,565,800",10.5,10.5,10.35,10.4,－,0.1,10.4,123,10.45,607,0
1608,華榮,"1,863,000",419,"22,159,550",11.85,11.95,11.85,11.85,,0,11.85,53,11.9,117,26.93
1609,大亞,"780,000",184,"5,725,730",7.38,7.4,7.32,7.33,－,0.05,7.33,90,7.35,9,66.64
1611,中電,"662,000",200,"7,961,550",12.1,12.15,11.95,12.1,,0,12.1,1,12.15,44,0
1612,宏泰,"529,000",134,"5,922,500",11.2,11.25,11.15,11.15,－,0.1,11.15,105,11.2,83,30.14
1613,台一,"498,000",226,"3,311,150",6.59,6.74,6.57,6.6,＋,0.02,6.6,6,6.61,3,0
1614,三洋電,"155,000",94,"5,187,550",32.1,34.15,32.1,34.1,－,0.4,33.85,20,34.1,3,38.75
1615,大山,"82,000",47,"887,950",11,11,10.75,10.9,,0,10.85,3,10.9,6,20.96
1616,億泰,"343,000",63,"1,990,720",5.83,5.85,5.77,5.81,－,0.08,5.81,1,5.85,4,0
1617,榮星,"43,000",27,"384,920",9.04,9.04,8.91,8.91,－,0.13,8.91,2,8.99,1,63.64
1618,合機,"127,000",35,"1,200,190",9.43,9.49,9.42,9.43,＋,0.01,9.43,4,9.45,31,0
1626,F-艾美,"63,000",49,"3,807,000",60.3,60.7,59.8,60.6,＋,0.4,60.3,5,60.7,1,65.87
1701,中化,"833,000",327,"19,212,800",23.15,23.2,23,23.05,－,0.1,23.05,27,23.1,19,25.61
1702,南僑,"5,352,000","3,211","359,242,100",64.7,68.5,64.7,67.3,＋,2.6,67.3,11,67.4,2,18.24
1704,榮化,"2,409,000",951,"58,833,450",24.6,24.65,24.3,24.35,－,0.25,24.35,56,24.4,9,0
1707,葡萄王,"382,000",278,"49,634,000",131,131,129.5,129.5,－,1.5,129.5,22,130,14,19.68
1708,東鹼,"317,000",173,"11,082,850",35,35.05,34.8,35,,0,35,6,35.1,32,12.77
1709,和益,"138,000",53,"2,019,900",14.7,14.75,14.6,14.65,－,0.05,14.6,12,14.65,16,22.2
1710,東聯,"340,000",193,"10,395,900",30.65,30.65,30.5,30.6,－,0.05,30.55,35,30.65,43,24.68
1711,永光,"3,480,000","1,504","110,311,550",31.6,32.15,31.45,31.65,－,0.15,31.65,53,31.7,1,21.53
1712,興農,"1,040,000",400,"19,365,800",18.55,18.7,18.55,18.65,＋,0.1,18.6,104,18.65,112,12.03
1713,國化,"30,000",14,"513,550",17.25,17.25,17.1,17.15,＋,0.05,17.1,3,17.15,6,31.76
1714,和桐,"466,000",181,"6,244,000",13.4,13.45,13.35,13.4,,0,13.4,59,13.45,185,25.28
1715,萬洲,"756,000",395,"15,401,600",20.4,20.5,20.3,20.4,－,0.05,20.35,66,20.4,405,17.59
1717,長興,"2,204,000",762,"69,732,200",31.8,31.8,31.45,31.7,－,0.1,31.6,2,31.7,8,15.62
1718,中纖,"2,564,000",612,"27,845,650",10.85,10.9,10.8,10.85,＋,0.05,10.85,126,10.9,406,22.6
1720,生達,"1,335,000",884,"59,706,750",44.55,45.2,44.45,44.45,－,0.1,44.45,24,44.5,6,28.68
1721,三晃,"165,000",66,"1,788,600",11,11,10.75,10.9,＋,0.05,10.85,5,10.9,10,109
1722,台肥,"1,427,000",767,"84,917,500",59.5,59.7,59.3,59.5,＋,0.1,59.4,53,59.5,59,152.56
1723,中碳,"1,249,000",842,"234,724,500",190,190,185.5,188.5,－,1.5,188,18,188.5,35,18.74
1724,台硝,"184,000",85,"3,177,500",17,17.6,16.95,17.1,,0,17.05,18,17.1,17,0
1725,元禎,"20,000",18,"300,850",15.1,15.1,15,15,－,0.15,15.1,1,15.15,1,19.74
1726,永記,"62,000",43,"5,168,800",81,84.2,81,83.9,＋,0.1,82.9,1,83.9,6,14.22
1727,中華化,"302,000",83,"5,806,500",19.3,19.35,19.1,19.2,－,0.15,19.15,7,19.2,83,17.78
1729,必翔,"3,902,000","1,201","146,430,950",35.75,38.1,35.75,37.7,＋,2.05,37.65,2,37.7,35,0
1730,花仙子,"205,000",109,"5,792,600",28.5,28.5,28.1,28.2,－,0.2,28.25,8,28.35,7,7.64
1731,美吾華,"1,563,000",512,"24,914,900",15.6,16.15,15.6,15.95,＋,0.3,15.9,12,15.95,20,35.44
1732,毛寶,"24,000",8,"286,350",11.9,12,11.9,12,,0,11.9,10,12,20,0
1733,五鼎,"333,000",206,"20,425,900",61.8,61.8,61,61.4,－,0.4,61.4,5,61.5,52,19.68
1734,杏輝,"2,586,000","1,421","143,686,200",54.6,56,54.6,55.4,＋,0.8,55.4,13,55.5,22,34.2
1735,日勝化,"49,000",12,"614,750",12.55,12.6,12.5,12.5,－,0.05,12.5,19,12.6,3,22.32
1736,喬山,"776,000",533,"71,546,800",93.5,93.5,91.5,91.5,－,2.3,91.5,8,91.6,1,17.43
1737,臺鹽,"673,000",384,"18,712,200",28.1,28.15,27.55,27.6,－,0.5,27.55,14,27.6,7,34.5
1762,中化生,"170,000",128,"7,547,500",44.05,44.8,44.05,44.35,＋,0.15,44.35,2,44.65,2,51.57
1773,勝一,"79,000",56,"4,340,600",54.9,55.1,54.8,55.1,＋,0.2,54.8,12,55.2,1,13.98
1783,和康生,"761,000",574,"42,593,200",54.8,57.2,54.3,56.3,＋,2,56.2,10,56.3,16,"1,407.50"
1786,科妍,"2,429,000","1,568","243,989,900",97.8,102.5,96.2,102.5,＋,6.3,102.5,644,--,0,148.55
1789,神隆,"508,000",358,"37,452,800",74,74,73.5,73.6,－,0.2,73.6,11,73.8,44,45.71
1802,台玻,"2,054,000",927,"51,650,700",25.35,25.35,25,25.2,－,0.15,25.15,52,25.2,29,0
1805,寶徠,"322,000",39,"4,204,000",13.05,13.15,13,13,－,0.1,13,130,13.1,146,3.83
1806,冠軍,"364,000",111,"3,764,900",10.35,10.4,10.3,10.4,＋,0.05,10.35,22,10.4,96,15.76
1808,潤隆,"343,000",167,"9,578,400",28.3,28.35,27.5,27.9,－,0.45,27.7,10,27.9,4,87.19
1809,中釉,"291,000",98,"4,418,100",15.1,15.3,15.1,15.25,＋,0.1,15.2,1,15.25,35,16.94
1810,和成,"438,000",126,"4,438,550",10.15,10.25,10.1,10.1,－,0.1,10.1,25,10.15,3,21.96
1817,凱撒衛,"110,000",62,"3,650,250",33.5,33.5,33,33.35,－,0.15,33.1,3,33.35,4,14.63
1902,台紙,"8,850,000","2,215","130,951,750",14.8,15.2,14.5,14.65,－,0.2,14.6,115,14.65,25,0
1903,士紙,"32,000",22,"1,341,100",42,42,41.8,42,＋,0.05,41.85,2,42,24,0
1904,正隆,"823,000",259,"10,631,850",13,13,12.85,12.9,－,0.1,12.9,167,13,173,21.5
1905,華紙,"1,483,000",330,"14,285,740",9.7,9.7,9.59,9.64,－,0.06,9.63,100,9.64,50,0
1906,寶隆,"223,000",34,"2,276,750",10.25,10.35,10.2,10.2,－,0.05,10.2,10,10.25,24,11.46
1907,永豐餘,"1,953,000",576,"27,629,500",14.2,14.35,14,14.15,－,0.05,14.15,21,14.2,60,157.22
1909,榮成,"1,193,000",536,"17,935,550",15.15,15.15,14.95,15,－,0.1,14.95,188,15,18,18.29
2002,中鋼,"8,358,000","3,013","210,492,100",25.3,25.35,25.1,25.1,－,0.3,25.1,843,25.2,847,24.13
2002A,中鋼特,"12,000",4,"495,550",41.3,41.3,41.25,41.3,,0,41.25,1,41.3,12,0
2006,東鋼,"685,000",598,"17,670,350",25.65,25.9,25.6,25.85,＋,0.05,25.8,1,25.85,103,12.67
2007,燁興,"104,000",41,"657,020",6.28,6.36,6.28,6.35,＋,0.04,6.3,2,6.35,4,0
2008,高興昌,"543,000",234,"6,744,500",12.7,12.85,12.25,12.25,－,0.55,12.25,4,12.3,33,0.74
2009,第一銅,"194,000",38,"2,033,100",10.5,10.5,10.4,10.5,,0,10.45,9,10.5,120,0
2010,春源,"1,137,000",321,"15,337,500",13.5,13.55,13.45,13.5,,0,13.5,33,13.55,202,18.75
2012,春雨,"391,000",92,"5,186,550",13.25,13.3,13.2,13.3,＋,0.05,13.25,5,13.3,41,26.08
2013,中鋼構,"65,000",29,"2,034,000",31.4,31.4,31.2,31.3,－,0.1,31.2,60,31.3,36,16.47
2014,中鴻,"537,000",175,"4,211,190",7.88,7.88,7.81,7.83,－,0.05,7.82,242,7.83,2,0
2015,豐興,"2,726,000","1,429","116,128,000",43,43,42.2,42.25,－,0.85,42.25,27,42.35,3,17.46
2017,官田鋼,"172,000",71,"1,098,710",6.45,6.45,6.37,6.38,－,0.02,6.37,104,6.38,4,0
2020,美亞,"67,000",24,"894,750",13.35,13.45,13.3,13.35,,0,13.3,16,13.35,11,55.63
2022,聚亨,"748,000",136,"3,860,860",5.17,5.2,5.15,5.17,,0,5.16,17,5.17,3,0
2023,燁輝,"545,000",228,"5,170,570",9.46,9.53,9.46,9.51,＋,0.04,9.5,11,9.51,65,31.7
2024,志聯,"117,000",31,"833,550",7.1,7.16,7.1,7.14,＋,0.01,7.1,1,7.14,9,12.31
2025,千興,"427,000",91,"1,752,330",4.11,4.12,4.1,4.11,－,0.01,4.1,121,4.12,47,0
2027,大成鋼,"985,000",375,"17,134,250",17.55,17.55,17.35,17.35,－,0.2,17.35,42,17.4,42,51.03
2028,威致,"323,000",101,"1,458,000",4.47,4.56,4.47,4.52,＋,0.02,4.51,6,4.52,7,0
2029,盛餘,"172,000",126,"4,148,700",24.3,24.3,24,24.05,－,0.25,24.05,9,24.2,24,15.72
2030,彰源,"1,567,000",418,"17,453,900",11.5,11.5,11,11.1,－,0.4,11.05,26,11.1,14,52.86
2031,新光鋼,"642,000",272,"12,260,600",19.15,19.15,19.05,19.05,－,0.1,19.05,83,19.15,45,21.17
2032,新鋼,"193,000",89,"2,421,250",12.75,12.75,12.35,12.5,－,0.25,12.45,44,12.5,5,44.64
2033,佳大,"15,000",8,"149,810",10,10,9.96,10,－,0.1,9.99,5,10,13,0
2034,允強,"2,521,000",974,"73,113,850",29.7,29.7,28.8,28.9,－,0.8,28.9,8,28.95,5,14.17
2038,海光,"104,000",44,"943,970",9.12,9.15,8.92,9.11,＋,0.02,9.04,2,9.11,16,0
2049,上銀,"814,000",619,"256,587,500",313,317,311.5,316,＋,2.5,316,11,316.5,8,34.02
2059,川湖,"339,000",298,"141,570,000",411.5,423.5,411.5,417,＋,2,416.5,1,418,1,27.25
2062,橋椿,"2,498,000","1,610","119,060,800",47.8,48.95,47.2,47.5,－,1.15,47.45,35,47.5,20,9.79
2101,南港,"1,005,000",579,"35,461,050",35.5,35.5,35.1,35.1,－,0.4,35.1,72,35.2,10,47.43
2102,泰豐,"603,000",160,"12,707,300",21.15,21.2,21,21.05,－,0.1,21.05,11,21.1,43,14.13
2103,台橡,"606,000",372,"25,370,550",42.2,42.2,41.55,41.75,－,0.45,41.75,95,41.9,1,28.02
2104,中橡,"811,000",335,"24,121,800",29.85,29.95,29.6,29.75,＋,0.05,29.75,65,29.8,4,19.83
2105,正新,"10,068,000","4,370","773,503,500",77.8,77.8,76.5,76.6,－,1.9,76.5,444,76.6,10,13.8
2106,建大,"3,649,000","1,959","229,258,100",64.6,64.6,62,62.2,－,2.4,62.2,12,62.3,4,14.27
2107,厚生,"5,298,000","1,458","158,285,850",30,30.1,29.75,29.8,－,0.2,29.8,78,29.85,93,7.3
2108,南帝,"331,000",128,"5,806,600",17.55,17.65,17.45,17.55,,0,17.5,5,17.55,38,35.82
2109,華豐,"1,667,000",488,"36,484,550",22.15,22.15,21.7,21.9,－,0.25,21.9,128,22,3,21.68
2114,鑫永銓,"185,000",145,"20,519,500",108.5,112,108,111.5,＋,3,111.5,1,112,45,15.91
2115,F-六暉,"1,949,000","1,253","106,790,100",53.5,56.8,52.6,55.6,＋,2.1,55.5,32,55.7,4,35.19
2201,裕隆,"1,833,000",918,"88,332,850",48.4,48.4,48,48.1,－,0.5,48.1,17,48.15,5,36.44
2204,中華,"537,000",315,"15,556,100",29,29.05,28.85,29,－,0.1,28.85,38,29,37,13.88
2206,三陽,"13,608,000","4,732","419,951,850",30.8,31.75,29.8,31.15,＋,0.35,31.1,33,31.15,91,0
2207,和泰車,"196,000",170,"73,748,500",376,379,372.5,379,＋,3,376.5,2,379,20,26.58
2208,台船,"432,000",147,"7,784,550",18.1,18.1,17.95,18.1,,0,18,48,18.1,115,43.1
2227,裕日車,"233,000",212,"86,959,000",376,377,367,377,,0,376,10,377,13,15.68
2228,劍麟,"235,000",184,"32,087,000",135,138,133.5,137.5,＋,2.5,137,6,137.5,4,29.57
2231,為升,"2,427,000","2,060","938,956,500",377,398,374,398,＋,26,398,25,--,0,57.35
2301,光寶科,"6,023,000","2,335","292,062,100",48.75,48.9,48.05,48.3,－,0.15,48.3,125,48.35,2,12.91
2302,麗正,"570,000",153,"4,285,190",7.47,7.56,7.42,7.48,,0,7.48,48,7.5,6,53.43
2303,聯電,"38,197,000","5,071","555,937,550",14.65,14.65,14.45,14.6,＋,0.05,14.55,7072,14.6,153,25.17
2305,全友,"8,364,000","1,765","50,864,740",5.93,6.21,5.86,6.16,＋,0.35,6.15,23,6.16,35,0
2308,台達電,"2,405,000","1,441","492,351,500",206,207,203.5,205,,0,204.5,95,205,177,27.52
2311,日月光,"19,075,000","6,168","712,038,600",37.95,37.95,37.15,37.4,－,0.2,37.4,23,37.45,78,17
2312,金寶,"7,470,000","1,417","103,636,350",13.9,14,13.7,14,＋,0.1,13.95,6,14,248,0
2313,華通,"8,219,000","2,226","158,001,500",19.2,19.35,19,19.3,＋,0.1,19.3,265,19.35,588,12.06
2314,台揚,"4,001,000","1,334","70,213,600",16.7,17.8,16.7,17.8,＋,1.15,17.8,588,--,0,0
2316,楠梓電,"2,420,000",657,"39,692,200",16.2,16.65,16.2,16.3,＋,0.05,16.3,181,16.4,39,16.63
2317,鴻海,"28,627,000","12,680","2,786,883,000",98.2,98.5,96.5,96.5,－,1.7,96.5,463,96.6,85,11.53
2321,東訊,"343,000",65,"1,326,000",3.67,3.92,3.67,3.92,＋,0.25,3.92,528,--,0,49
2323,中環,"7,207,000","1,173","33,960,370",4.77,4.77,4.68,4.69,－,0.07,4.69,73,4.7,14,0
2324,仁寶,"9,524,000","3,334","229,261,250",24.3,24.3,23.95,24,,0,23.95,183,24,534,0
2325,矽品,"17,821,000","6,658","877,583,350",48.8,50.2,48,49.95,＋,1.4,49.9,11,49.95,355,18.85
2327,國巨,"11,402,000","2,416","239,432,050",21,21.15,20.85,21.05,＋,0.05,21.05,151,21.1,108,21.26
2328,廣宇,"2,390,000",732,"52,162,850",21.75,22.1,21.6,21.8,＋,0.2,21.75,43,21.8,21,46.38
2329,華泰,"24,024,000","4,339","224,016,170",8.95,9.56,8.8,9.55,＋,0.61,9.54,70,9.55,1016,0
2330,台積電,"30,757,000","7,129","3,802,188,500",123,124.5,123,123.5,＋,0.5,123,3864,123.5,2084,16.29
2331,精英,"23,128,000","7,079","573,143,050",25.05,25.2,24.3,24.55,－,0.15,24.55,16,24.6,74,4.89
2332,友訊,"1,233,000",444,"24,278,750",19.6,19.8,19.6,19.7,－,0.1,19.7,69,19.75,85,19.9
2337,旺宏,"8,741,000","1,859","63,781,400",7.26,7.36,7.25,7.26,－,0.01,7.26,159,7.27,53,0
2338,光罩,"4,606,000",549,"49,057,100",10.55,10.9,10.5,10.75,＋,0.2,10.7,106,10.75,13,34.68
2340,光磊,"969,000",409,"14,273,000",14.65,14.8,14.65,14.75,＋,0.05,14.7,121,14.75,80,17.77
2342,茂矽,"4,779,000","1,377","45,943,400",9.7,9.77,9.5,9.5,－,0.27,9.5,49,9.52,8,0
2344,華邦電,"21,716,000","3,738","252,614,600",11.7,11.8,11.5,11.5,－,0.2,11.5,2360,11.55,30,44.23
2345,智邦,"3,528,000",989,"67,452,200",19,19.3,18.8,19.25,＋,0.2,19.1,1,19.25,38,15.04
2347,聯強,"2,028,000","1,117","99,649,350",49.2,49.4,48.9,49.15,－,0.05,49.15,17,49.2,18,14.8
2348,海悅,"1,000",1,"54,000",54,54,54,54,－,4,--,0,58,1,7.8
2349,錸德,"4,704,000",752,"22,111,420",4.71,4.73,4.68,4.69,－,0.03,4.69,87,4.7,131,0
2351,順德,"751,000",305,"28,565,200",37.1,38.5,37.1,38.05,＋,0.05,38,37,38.05,13,12.81
2352,佳世達,"3,843,000","1,052","38,822,050",10.05,10.2,10.05,10.05,,0,10.05,752,10.1,263,10.81
2353,宏,"8,719,000","3,079","187,193,350",21.7,21.75,21.3,21.45,－,0.15,21.4,64,21.45,15,0
2354,鴻準,"2,849,000","1,747","201,546,300",71,71.3,70.2,70.2,－,0.5,70.2,8,70.3,33,17.55
2355,敬鵬,"1,005,000",520,"58,263,800",57.8,58.7,57,58.1,＋,0.8,58.1,10,58.2,24,12.8
2356,英業達,"5,997,000","2,288","168,904,700",27.9,28.35,27.85,28.3,＋,0.35,28.25,3,28.3,244,14.15
2357,華碩,"2,589,000","1,658","831,143,500",325,325,319,319.5,－,6.5,319.5,4,320.5,1,12.01
2358,美格,"758,000",210,"13,086,750",17.2,17.4,17.15,17.25,－,0.1,17.25,37,17.35,13,0
2359,所羅門,"1,138,000",416,"22,641,300",19.65,20.15,19.6,19.75,＋,0.1,19.75,50,19.85,10,19.36
2360,致茂,"2,047,000","1,079","164,482,200",81,81.5,79.9,80.5,－,0.9,80.3,10,80.5,8,25.88
2361,鴻友,"112,000",19,"284,260",2.48,2.58,2.48,2.58,＋,0.1,2.49,1,2.58,43,0
2362,藍天,"1,741,000",518,"97,536,100",56.1,56.2,55.8,56,－,0.1,56,135,56.1,54,22.4
2363,矽統,"2,237,000",348,"21,476,650",9.62,9.65,9.57,9.62,,0,9.62,19,9.63,2,0
2364,倫飛,"1,572,000",224,"7,796,110",4.88,5.07,4.82,4.88,,0,4.82,2,4.88,77,0
2365,昆盈,"1,357,000",419,"19,707,800",14.4,14.75,14.3,14.4,＋,0.1,14.4,64,14.45,51,360
2367,燿華,"4,362,000",880,"54,211,500",12.3,12.55,12.25,12.3,,0,12.3,165,12.4,4,36.18
2368,金像電,"3,626,000",900,"34,642,920",9.43,9.68,9.35,9.57,＋,0.14,9.57,81,9.58,22,0
2369,菱生,"17,812,000","4,444","341,900,600",18.8,19.5,18.65,19.5,＋,1.25,19.5,31504,--,0,21.67
2371,大同,"4,455,000","1,279","42,202,900",9.48,9.53,9.44,9.47,＋,0.01,9.47,57,9.48,117,0
2373,震旦行,"274,000",103,"15,670,000",57.1,57.3,57,57.2,,0,57.1,23,57.2,41,15.09
2374,佳能,"833,000",362,"18,012,100",21.75,21.75,21.5,21.6,－,0.15,21.6,78,21.65,25,54
2375,智寶,"584,000",167,"8,164,300",13.85,14.05,13.8,14,＋,0.1,14,124,14.05,56,3.17
2376,技嘉,"1,058,000",687,"48,587,200",46,46,45.8,45.9,－,0.2,45.9,52,45.95,4,11.62
2377,微星,"5,152,000","2,669","231,796,350",45.5,45.6,44.6,44.7,－,1.3,44.7,78,44.9,12,15
2379,瑞昱,"2,975,000","1,950","279,041,800",92.5,94.6,92.5,94.6,＋,1.9,94.5,48,94.6,58,15.28
2380,虹光,"350,000",118,"3,636,850",10.3,10.45,10.3,10.4,,0,10.4,12,10.45,37,0
2382,廣達,"3,509,000","2,273","296,875,600",85.5,85.6,84,84.3,－,1,84.3,3,84.4,108,17.24
2383,台光電,"3,815,000","1,428","115,738,950",30,30.65,29.9,30.2,＋,0.3,30.2,19,30.25,3,10.52
2384,勝華,"10,103,000","1,944","102,499,100",10.05,10.3,10.05,10.05,,0,10.05,1502,10.1,57,0
2385,群光,"1,803,000",957,"141,593,200",78.4,79.2,78,78,－,0.4,78,10,78.3,5,14.47
2387,精元,"575,000",186,"7,470,850",13.1,13.15,12.9,12.95,－,0.05,12.95,44,13,78,161.88
2388,威盛,"759,000",315,"17,878,700",23.7,23.75,23.35,23.35,－,0.3,23.35,12,23.4,4,0
2390,云辰,"6,260,000","3,224","344,413,400",53.6,56.5,53.1,55.3,＋,1.8,55.3,14,55.4,11,0
2392,正崴,"5,751,000","2,657","336,245,000",57.8,59.5,57.3,57.9,＋,0.4,57.9,82,58,1,16.54
2393,億光,"3,040,000","1,676","226,494,800",73.6,75.2,73.1,75,＋,1.3,74.9,2,75,86,19.13
2395,研華,"776,000",609,"189,480,500",247,247,242,244,－,3,243.5,12,244,36,31.57
2397,友通,"87,000",48,"3,128,150",36,36,35.85,35.95,－,0.05,35.95,6,36,22,15.17
2399,映泰,"485,000",155,"6,217,700",12.85,12.9,12.75,12.85,－,0.05,12.8,5,12.85,140,18.62
2401,凌陽,"3,437,000",871,"40,504,550",11.6,11.9,11.55,11.75,＋,0.15,11.7,82,11.75,42,65.28
2402,毅嘉,"3,865,000","1,833","144,107,850",37.45,37.6,37.05,37.15,－,0.3,37.15,69,37.2,18,22.25
2404,漢唐,"586,000",309,"19,379,600",33.1,33.15,33,33.15,－,0.15,33.1,13,33.15,23,7.19
2405,浩鑫,"1,323,000",469,"14,948,850",11.3,11.35,11.25,11.3,,0,11.25,396,11.3,3,11.77
2406,國碩,"14,718,000","6,105","535,189,200",35.45,37,35.2,36.15,＋,0.2,36.15,8,36.2,18,0
2408,南科,"7,013,000",724,"50,497,600",7.29,7.29,7.16,7.18,＋,0.08,7.17,15,7.18,35,12.38
2409,友達,"41,411,000","6,483","481,837,550",11.6,11.7,11.55,11.6,,0,11.6,1922,11.65,341,14.68
2412,中華電,"6,008,000","2,879","578,534,200",96.4,96.5,96.1,96.1,－,0.3,96.1,105,96.3,41,18.3
2413,環科,"4,659,000","1,162","75,730,750",15.5,16.5,15.5,16.5,＋,1.05,16.5,1198,--,0,91.67
2414,精技,"248,000",137,"4,302,550",17.15,17.4,17.15,17.35,＋,0.1,17.35,14,17.4,87,15.77
2415,錩新,"165,000",86,"3,241,000",19.55,19.75,19.55,19.6,＋,0.05,19.6,4,19.7,10,18.67
2417,圓剛,"275,000",114,"3,503,950",12.85,12.85,12.7,12.75,－,0.1,12.75,4,12.8,18,0
2419,仲琦,"10,750,000","3,986","222,998,350",21.05,21.05,20.55,20.55,－,0.5,20.55,19,20.6,112,50.12
2420,新巨,"3,012,000","1,451","153,565,600",52,52.3,49.3,52.3,＋,0.4,52.1,15,52.3,24,15.9
2421,建準,"1,204,000",534,"26,280,150",21.85,22,21.75,21.8,－,0.1,21.8,38,21.85,27,16.15
2423,固緯,"74,000",43,"1,505,300",20.6,20.6,20.15,20.4,－,0.05,20.4,1,20.45,1,20.2
2424,隴華,"3,000",1,"117,300",39.1,39.1,39.1,39.1,,0,38.65,1,39.65,2,5.87
2425,承啟,"3,405,000","1,955","149,330,100",43.5,44.8,42.8,43,＋,0.05,43,9,43.05,3,10.83
2426,鼎元,"4,135,000","1,127","46,886,100",11.4,11.7,11.1,11.2,－,0.3,11.2,64,11.25,67,0
2427,三商電,"370,000",143,"3,460,270",9.35,9.42,9.32,9.34,＋,0.01,9.34,26,9.36,4,0
2428,興勤,"306,000",162,"15,463,300",50.9,50.9,50.1,50.8,－,0.1,50.5,10,50.8,15,11.16
2429,銘旺科,"3,000",3,"57,500",19.8,19.8,18.85,18.85,－,0.95,18.95,1,19.8,2,0
2430,燦坤,"75,000",46,"2,994,350",39.95,40,39.9,39.9,,0,39.9,82,39.95,1,13.57
2431,聯昌,"1,791,000",890,"44,941,600",24.75,25.4,24.5,24.9,＋,0.15,24.9,6,25,6,35.57
2433,互盛電,"1,592,000",564,"73,872,450",46.8,46.8,46.25,46.4,－,0.1,46.35,14,46.4,208,9.55
2434,統懋,"1,204,000",497,"12,971,850",10.3,11.1,10.25,11.1,＋,0.7,11.1,522,--,0,10.57
2436,偉詮電,"2,455,000",947,"81,971,000",32.9,33.65,32.85,33.4,＋,0.1,33.4,27,33.45,28,53.02
2437,旺詮,"77,000",46,"4,450,100",57.2,57.9,57.2,57.9,＋,0.3,57.8,2,57.9,9,11.2
2438,英誌,"39,000",14,"262,680",6.71,6.79,6.71,6.73,＋,0.02,6.72,8,6.79,1,0
2439,美律,"1,307,000",975,"208,838,000",160,162,158,159.5,－,1,159,31,159.5,4,24.69
2440,太空梭,"14,000",11,"157,950",11.5,11.5,11.1,11.35,－,0.2,11.3,10,11.4,1,0
2441,超豐,"2,599,000","1,222","101,720,750",39.4,39.5,38.8,39.45,＋,0.05,39.4,11,39.45,43,12.14
2442,新美齊,"230,000",93,"2,184,220",9.54,9.6,9.45,9.52,－,0.06,9.51,20,9.53,20,15.61
2443,新利虹,"1,686,000",366,"19,116,400",11.1,11.5,11.1,11.3,＋,0.2,11.3,93,11.35,25,2.45
2444,友旺,"2,822,000",653,"32,791,050",11.8,11.9,11.2,11.6,,0,11.6,248,11.65,13,0
2448,晶電,"6,917,000","2,862","487,542,400",70.6,71.4,69.8,70.3,－,0.7,70.3,31,70.4,1,0
2449,京元電,"26,590,000","7,487","750,924,200",26.8,28.65,26.75,28.35,＋,1.55,28.3,157,28.35,88,17.94
2450,神腦,"284,000",210,"20,061,200",70.9,70.9,70.3,70.8,＋,0.3,70.7,2,70.8,33,17.14
2451,創見,"573,000",313,"62,354,500",108.5,110,108,110,＋,1,109,25,110,169,14.67
2453,凌群,"224,000",94,"3,518,900",15.9,15.9,15.6,15.7,－,0.2,15.7,2,15.75,9,16.7
2454,聯發科,"6,152,000","3,543","3,086,106,000",505,507,499.5,505,,0,504,26,505,36,23.27
2455,全新,"1,390,000",689,"45,649,850",32.55,33.1,32.3,32.9,＋,0.35,32.85,16,32.9,27,20.18
2456,奇力新,"1,141,000",517,"32,925,450",28.85,29.15,28.5,28.85,＋,0.15,28.8,7,28.85,1,15.94
2457,飛宏,"4,243,000","1,262","91,955,100",21.25,21.95,21.25,21.95,＋,0.7,21.9,13,21.95,33,52.26
2458,義隆,"4,226,000","2,389","240,115,400",57.1,57.2,56.6,56.6,－,0.7,56.6,205,56.7,4,15.77
2459,敦吉,"665,000",264,"20,197,400",29.9,30.6,29.9,30.4,＋,0.5,30.35,42,30.4,6,11.78
2460,建通,"60,000",29,"747,950",12.45,12.6,12.35,12.55,＋,0.15,12.4,5,12.55,9,0
2461,光群雷,"465,000",159,"7,821,750",16.6,16.95,16.6,16.85,＋,0.15,16.8,202,16.85,11,16.2
2462,良得電,"906,000",437,"29,000,550",31.6,32.25,31.45,31.9,＋,0.3,31.9,36,32,5,14.91
2464,盟立,"692,000",412,"21,182,300",30.8,30.8,30.5,30.5,－,0.25,30.5,22,30.55,11,17.63
2465,麗臺,"289,000",101,"3,413,850",11.9,11.9,11.7,11.8,＋,0.1,11.8,3,11.85,1,0
2466,冠西電,"128,000",88,"4,849,900",37.9,38,37.7,37.95,＋,0.05,37.7,7,37.95,6,0
2467,志聖,"2,053,000","1,089","55,239,600",27.1,27.4,26.65,26.7,－,0.4,26.65,24,26.7,2,18.54
2468,華經,"295,000",123,"4,381,700",15.05,15.05,14.7,14.75,－,0.3,14.75,2,14.85,25,26.82
2471,資通,"298,000",166,"5,638,800",19.05,19.1,18.8,18.85,－,0.2,18.85,15,18.95,46,22.18
2472,立隆電,"1,371,000",814,"58,030,500",42.6,42.9,41.8,42.4,－,0.15,42.4,6,42.45,1,16.25
2474,可成,"10,858,000","6,776","2,928,593,000",266,274,265,273,＋,11,273,28,273.5,87,15.96
2475,華映,"2,718,000",111,"4,864,870",1.79,1.8,1.78,1.79,,0,1.78,1007,1.79,289,0
2476,鉅祥,"554,000",318,"14,093,050",25.35,25.55,25.3,25.5,＋,0.2,25.45,2,25.5,2,16.14
2477,美隆電,"6,016,000","1,805","117,710,900",19.6,19.6,19.2,19.6,＋,1.25,19.6,111,--,0,4.35
2478,大毅,"2,134,000",862,"43,648,950",20.85,20.85,20.3,20.45,－,0.4,20.4,27,20.45,2,51.13
2480,敦陽科,"709,000",258,"21,726,150",30.65,30.8,30.5,30.7,＋,0.15,30.7,15,30.75,78,16.42
2481,強茂,"2,962,000",950,"45,486,100",15.6,15.6,15.25,15.25,－,0.4,15.25,15,15.3,2,0
2482,連宇,"935,000",246,"12,976,500",13.5,14.45,13.5,13.8,＋,0.2,13.75,1,13.8,2,0
2483,百容,"330,000",131,"7,603,450",23.15,23.15,22.95,23,－,0.15,23,35,23.1,18,18.55
2484,希華,"2,380,000","1,123","47,861,200",19.75,20.45,19.6,20.05,＋,0.2,20.05,11,20.1,17,20.25
2485,兆赫,"12,727,000","5,490","439,945,300",34.2,35.2,34,34.35,＋,0.55,34.35,67,34.4,26,14.02
2486,一詮,"1,744,000",515,"37,541,600",21.25,21.7,21.1,21.4,＋,0.15,21.4,26,21.5,14,19.81
2488,漢平,"185,000",120,"5,238,350",28.25,28.45,28.25,28.35,＋,0.1,28.35,3,28.4,42,7.99
2489,瑞軒,"1,526,000",731,"33,896,900",22.3,22.3,22.05,22.2,＋,0.1,22.2,25,22.25,200,15
2491,吉祥全,"212,000",28,"1,528,010",7.17,7.35,7.17,7.33,＋,0.15,7.22,1,7.33,29,0
2492,華新科,"5,759,000","1,261","67,538,050",11.7,11.95,11.55,11.55,－,0.25,11.55,228,11.6,102,0
2493,揚博,"596,000",291,"17,548,450",29.45,29.6,29.3,29.45,,0,29.4,14,29.45,25,12.59
2495,普安,"603,000",225,"11,470,050",19,19.25,18.9,19,－,0.05,19,6,19.05,16,146.15
2496,卓越,"19,000",6,"113,930",5.96,6.05,5.96,6.05,＋,0.09,6.05,15,6.37,1,0
2497,怡利電,"1,164,000",887,"91,888,500",79.6,79.6,78.2,78.8,－,0.8,78.8,5,78.9,2,20.36
2498,宏達電,"7,690,000","4,417","1,022,925,000",134,135,132,132,－,3,132,327,132.5,42,0
2499,東貝,"1,474,000",649,"50,068,700",34.1,34.25,33.8,33.95,－,0.3,33.9,155,33.95,57,38.15
2501,國建,"430,000",188,"7,706,700",17.9,18,17.8,17.95,＋,0.05,17.9,92,17.95,120,24.26
2504,國產,"3,874,000",889,"40,313,350",10.45,10.5,10.4,10.4,,0,10.4,421,10.45,23,16
2505,國揚,"449,000",143,"6,514,750",14.55,14.6,14.45,14.55,,0,14.5,107,14.55,80,4.72
2506,太設,"459,000",88,"4,512,590",9.75,9.85,9.73,9.84,＋,0.03,9.8,15,9.84,30,4.9
2509,全坤建,"40,000",28,"1,011,000",25.3,25.35,25.2,25.35,＋,0.1,25.2,21,25.35,2,9.94
2511,太子,"1,496,000",522,"20,790,800",13.9,14,13.85,13.9,－,0.05,13.9,83,13.95,40,12.3
2514,龍邦,"1,283,000",284,"27,883,500",21.65,22,21.5,21.65,－,0.05,21.65,13,21.75,24,"1,082.50"
2515,中工,"1,204,000",291,"9,659,770",8.03,8.04,8,8.04,＋,0.01,8.03,77,8.04,70,42.32
2516,新建,"161,000",41,"1,312,500",8.15,8.17,8.15,8.16,－,0.02,8.16,2,8.17,4,272
2520,冠德,"1,391,000",891,"39,520,900",28.8,28.8,28.1,28.3,－,0.5,28.25,35,28.3,1,7.04
2524,京城,"176,000",77,"4,352,650",24.75,24.9,24.55,24.8,,0,24.75,8,24.8,1,6.72
2527,宏璟,"80,000",31,"1,332,800",16.65,16.8,16.6,16.8,＋,0.15,16.65,35,16.8,13,11.13
2528,皇普,"121,000",22,"1,688,050",13.9,14.05,13.8,14,＋,0.05,13.95,5,14,56,7.91
2530,華建,"282,000",96,"4,131,000",14.55,14.75,14.55,14.65,－,0.05,14.65,5,14.7,26,0
2534,宏盛,"1,277,000",468,"25,824,800",20.25,20.4,20,20.3,＋,0.05,20.25,110,20.3,35,0
2535,達欣工,"169,000",84,"4,613,400",27.35,27.35,27.2,27.35,,0,27.35,1,27.4,35,9.53
2536,宏普,"147,000",75,"3,701,500",25.1,25.25,25.1,25.2,＋,0.2,25.1,45,25.2,18,6.9
2537,聯上發,"90,000",36,"1,215,050",13.55,13.55,13.5,13.5,－,0.05,13.45,53,13.55,22,7.8
2538,基泰,"435,000",259,"9,043,000",20.75,20.85,20.75,20.75,－,0.05,20.7,251,20.8,93,9.3
2539,櫻花建,"12,000",10,"473,150",38.6,39.6,38.6,39.6,－,0.1,38.8,2,39.6,9,7.27
2540,愛山林,"6,000",3,"253,200",42.2,42.2,42.2,42.2,,0,40.5,3,44.8,3,25.42
2542,興富發,"850,000",508,"56,844,300",66.7,67.1,66.7,67.1,,0,67,2,67.1,15,12.18
2543,皇昌,"234,000",88,"2,233,570",9.6,9.65,9.5,9.56,－,0.09,9.54,13,9.56,6,6.05
2545,皇翔,"154,000",78,"7,049,500",46,46,45.55,45.8,－,0.1,45.75,2,45.9,23,16.53
2546,根基,"118,000",39,"2,030,850",17.2,17.25,17.2,17.2,,0,17.2,11,17.25,23,8.91
2547,日勝生,"941,000",385,"19,637,150",20.95,21,20.8,20.9,－,0.05,20.9,3,20.95,108,1.74
2548,華固,"499,000",344,"36,503,200",73.2,73.3,73,73.1,－,0.1,73,109,73.1,5,0
2597,潤弘,"272,000",157,"19,913,300",73.3,73.4,73,73.3,,0,73.2,9,73.3,25,8.94
2601,益航,"1,135,000",450,"22,829,850",19.85,20.3,19.75,20.15,＋,0.3,20.15,6,20.2,11,55.97
2603,長榮,"1,664,000",720,"27,424,100",16.5,16.55,16.4,16.45,－,0.1,16.45,639,16.5,49,0
2605,新興,"365,000",217,"9,536,100",26.2,26.2,26.05,26.15,－,0.2,26.1,10,26.15,3,13.21
2606,裕民,"986,000",747,"49,885,900",50.9,50.9,50.2,50.3,－,0.6,50.3,11,50.6,34,24.9
2607,榮運,"715,000",295,"13,255,050",18.5,18.65,18.45,18.5,－,0.15,18.45,173,18.5,91,34.91
2608,大榮,"119,000",96,"4,751,650",39.65,40.2,39.6,40,＋,0.35,39.85,3,40,15,21.16
2609,陽明,"2,431,000","1,044","29,368,250",12.05,12.2,12.05,12.05,－,0.05,12.05,198,12.1,117,0
2610,華航,"3,300,000",942,"33,087,750",10,10.05,10,10.05,＋,0.05,10,2185,10.05,163,0
2611,志信,"65,000",40,"676,800",10.35,10.45,10.35,10.45,＋,0.2,10.45,1,10.5,13,116.11
2612,中航,"93,000",69,"3,278,250",35.35,35.55,35.15,35.5,＋,0.15,35.25,9,35.5,3,26.69
2613,中櫃,"40,000",24,"750,700",18.75,18.8,18.75,18.75,,0,18.75,1,18.9,7,16.3
2614,東森,"7,675,000","1,751","102,610,100",13.05,13.5,13.05,13.4,＋,0.2,13.4,67,13.45,376,0
2615,萬海,"2,843,000","1,378","44,390,050",15.5,15.7,15.45,15.65,＋,0.15,15.6,104,15.65,431,13.04
2616,山隆,"34,000",17,"865,400",25.4,25.5,25.4,25.45,＋,0.1,25.4,13,25.45,6,12.35
2617,台航,"400,000",239,"8,747,250",22.2,22.2,21.7,21.85,－,0.35,21.85,33,21.9,2,24.01
2618,長榮航,"2,797,000","1,194","39,518,250",14.1,14.2,14.05,14.1,,0,14.1,404,14.15,35,61.3
2637,F-慧洋,"280,000",131,"10,293,400",36.8,36.85,36.7,36.85,＋,0.05,36.7,16,36.85,6,11.13
2642,宅配通,"650,000",486,"29,661,250",45.2,46.1,45,45.6,＋,0.4,45.5,14,45.65,8,26.36
2701,萬企,"84,000",28,"1,254,150",14.95,15,14.9,15,,0,14.95,1,15,18,24.19
2702,華園,"43,000",10,"772,650",18,18.05,17.95,18.05,＋,0.05,17.95,15,18,1,44.02
2704,國賓,"130,000",71,"3,615,950",27.9,28,27.75,27.9,,0,27.85,1,27.9,83,27.09
2705,六福,"422,000",299,"4,755,500",11.3,11.35,11.25,11.3,,0,11.25,55,11.3,1,0
2706,第一店,"144,000",57,"2,796,400",19.5,19.5,19.35,19.5,＋,0.1,19.45,1,19.5,40,21.91
2707,晶華,"73,000",71,"26,458,000",364,364.5,361,362.5,－,2.5,362,5,363,1,34.79
2712,遠雄來,"12,000",11,"244,700",20.45,20.5,20.35,20.5,,0,20.4,4,20.5,1,33.06
2722,夏都,"13,000",8,"516,800",39.7,39.8,39.6,39.8,－,0.2,39.7,3,40.1,1,23.01
2723,F-美食,"42,000",37,"9,697,500",231,231.5,230.5,231,－,2,230.5,8,231,2,57.04
2727,王品,"155,000",137,"68,745,000",448,448.5,441.5,442,－,8,442,4,443,1,33.03
2731,雄獅,"153,000",128,"17,587,000",115,116,113.5,114.5,＋,1.5,114,5,115,8,21.89
2801,彰銀,"2,866,000",861,"52,876,050",18.5,18.5,18.4,18.5,,0,18.4,5,18.5,258,14.92
2809,京城銀,"1,088,000",519,"31,205,500",28.75,28.8,28.6,28.65,－,0.1,28.65,8,28.7,23,7.94
2812,台中銀,"3,216,000",588,"34,257,650",10.65,10.7,10.6,10.65,,0,10.65,274,10.7,3364,8.26
2816,旺旺保,"133,000",59,"2,936,400",22.05,22.25,22,22.1,＋,0.05,22.1,1,22.15,1,7.62
2820,華票,"1,526,000",417,"17,033,850",11.15,11.2,11.15,11.2,＋,0.05,11.15,673,11.2,828,14.36
2823,中壽,"6,323,000","1,677","174,252,000",27.55,27.65,27.5,27.5,－,0.1,27.5,446,27.55,8,18.09
2832,台產,"99,000",67,"2,310,050",23.35,23.45,23.25,23.45,＋,0.1,23.4,1,23.45,9,9.98
2833,台壽保,"2,354,000",501,"50,121,250",21.2,21.45,21.15,21.2,,0,21.2,265,21.25,66,70.67
2833A,台壽甲,0,0,0,--,--,--,--,,0,37.05,1,37.2,3,0
2834,臺企銀,"8,603,000","1,160","78,962,820",9.23,9.23,9.16,9.16,－,0.07,9.16,284,9.17,151,11.45
2836,高雄銀,"261,000",103,"2,489,220",9.52,9.56,9.52,9.54,＋,0.03,9.54,11,9.55,12,15.64
2837,萬泰銀,"496,000",358,"7,499,700",15.05,15.15,15,15.15,＋,0.15,15.1,37,15.15,630,7.21
2838,聯邦銀,"383,000",182,"4,212,700",11,11.05,10.95,11,,0,10.95,60,11,12,8.4
2841,台開,"2,888,000",506,"32,340,800",11.1,11.3,11.1,11.2,＋,0.15,11.2,159,11.25,283,7.18
2845,遠東銀,"2,970,000",556,"32,556,000",10.95,11,10.9,11,＋,0.05,10.95,218,11,906,9.48
2847,大眾銀,"10,153,000",733,"101,653,500",10.05,10.1,10,10.05,－,0.05,10,1223,10.05,1159,7.85
2849,安泰銀,"336,000",133,"4,849,450",14.35,14.55,14.25,14.55,＋,0.1,14.45,11,14.55,40,9.83
2850,新產,"214,000",74,"5,260,050",24.8,24.8,24.5,24.65,－,0.15,24.6,4,24.65,20,7.12
2851,中再保,"150,000",72,"2,509,650",16.7,16.8,16.65,16.75,＋,0.05,16.7,3,16.75,13,11.71
2852,第一保,"163,000",60,"2,953,400",18.1,18.15,18.1,18.15,－,0.05,18.1,17,18.15,9,11.34
2855,統一證,"449,000",176,"7,718,300",17.15,17.25,17.1,17.2,＋,0.05,17.15,128,17.2,6,14.96
2856,元富證,"1,140,000",224,"11,888,450",10.45,10.5,10.4,10.45,,0,10.4,123,10.45,145,19
2867,三商壽,"5,206,000","1,786","93,376,000",17.4,18.15,17.4,17.85,＋,0.85,17.85,47,17.9,53,16.23
2880,華南金,"6,797,000","2,026","126,293,650",18.5,18.7,18.4,18.6,＋,0.1,18.55,317,18.6,197,16.03
2881,富邦金,"16,642,000","3,331","706,141,200",42.25,42.85,42.15,42.85,＋,0.6,42.7,1,42.85,438,12.04
2882,國泰金,"15,446,000","3,710","704,717,600",45.9,45.9,45.45,45.7,－,0.1,45.7,57,45.75,51,15.98
2883,開發金,"49,330,000","6,516","474,157,400",9.65,9.67,9.59,9.6,－,0.07,9.6,302,9.61,107,14.77
2884,玉山金,"6,323,000","1,837","120,659,250",19.1,19.2,19,19.05,－,0.15,19,1782,19.05,1600,12.21
2885,元大金,"55,082,000","7,390","918,001,000",16.7,16.75,16.6,16.7,－,0.05,16.7,90,16.75,2917,17.04
2886,兆豐金,"20,188,000","4,097","499,006,100",24.8,24.85,24.6,24.85,＋,0.05,24.8,20,24.85,650,12.68
2887,台新金,"14,468,000","3,027","220,957,950",15.25,15.35,15.2,15.35,＋,0.1,15.3,155,15.35,1756,8.87
2888,新光金,"7,665,000","1,452","70,464,810",9.17,9.22,9.17,9.17,＋,0.01,9.17,339,9.18,20,22.93
2889,國票金,"734,000",282,"6,993,880",9.53,9.55,9.5,9.53,＋,0.01,9.51,18,9.53,9,15.62
2890,永豐金,"8,540,000","1,557","114,336,100",13.45,13.45,13.35,13.35,－,0.1,13.35,2919,13.4,397,10.11
2891,中信金,"22,059,000","4,835","434,199,100",19.7,19.75,19.6,19.65,－,0.05,19.65,452,19.7,380,12.68
2892,第一金,"13,314,000","2,054","252,287,000",18.95,19.05,18.85,19,＋,0.05,19,61,19.05,1166,14.18
2901,欣欣,"10,000",8,"356,850",35.9,36,35.55,35.55,－,0.45,35,2,35.55,2,72.55
2903,遠百,"1,379,000",556,"38,339,850",27.8,27.9,27.75,27.75,－,0.1,27.75,81,27.8,16,21.85
2904,匯僑,"453,000",222,"13,326,200",29.6,29.6,29.1,29.45,,0,29.4,11,29.45,35,14.23
2905,三商行,"1,423,000",499,"28,446,600",19.65,20.15,19.65,20.05,＋,0.4,20.05,61,20.1,43,19.66
2906,高林,"500,000",89,"5,637,200",11.3,11.35,11.25,11.35,＋,0.1,11.3,16,11.35,69,22.25
2908,特力,"1,338,000",366,"28,898,400",21.55,21.75,21.5,21.65,＋,0.1,21.65,13,21.7,157,16.4
2910,統領,"32,000",30,"1,246,600",40.2,40.35,37.8,37.8,－,0.05,37.4,1,37.8,5,54
2911,麗嬰房,"349,000",205,"6,351,250",18.05,18.35,18,18.25,＋,0.2,18.25,25,18.3,14,0
2912,統一超,"602,000",399,"142,445,000",238,238,235,237.5,－,1,237,2,237.5,4,27.49
2913,農林,"1,497,000",507,"29,615,100",19.7,19.9,19.7,19.75,－,0.1,19.75,25,19.8,84,16.06
2915,潤泰全,"1,525,000",859,"115,961,500",76,76.7,75.5,75.5,－,0.5,75.5,47,75.7,1,1.55
2923,F-鼎固,"300,000",149,"8,292,150",27.9,28.3,27.05,27.3,－,0.6,27.1,3,27.3,14,32.12
2929,F-淘帝,"140,000",113,"23,998,500",170,172.5,169.5,172,＋,2,172,5,172.5,12,14.02
3002,歐格,"43,000",26,"675,700",15.7,15.75,15.65,15.65,－,0.1,15.65,9,15.75,10,19.32
3003,健和興,"741,000",507,"35,538,350",47.6,48.35,47.55,47.8,＋,0.2,47.75,18,47.8,23,20.69
3004,豐達科,"962,000",746,"78,561,800",79.2,83.2,79.2,82,＋,3.2,82,11,82.1,2,28.47
3005,神基,"4,353,000","1,250","73,274,900",16.5,17.05,16.5,16.9,＋,0.4,16.9,53,16.95,33,28.64
3006,晶豪科,"4,397,000","2,352","264,174,900",60,60.5,59.7,60,－,0.5,60,86,60.1,2,19.74
3008,大立光,"654,000",602,"1,448,710,000","2,190.00","2,245.00","2,180.00","2,220.00",＋,10,"2,220.00",1,"2,225.00",10,27.67
3010,華立,"426,000",257,"25,278,300",59.7,59.9,58.5,58.8,－,1.1,58.7,12,58.8,1,11.71
3011,今皓,"957,000",387,"11,247,800",11.5,11.9,11.5,11.65,＋,0.2,11.65,83,11.75,42,0
3013,晟銘電,"6,231,000","2,393","270,513,750",41.85,44.3,41.5,43.3,＋,1.8,43.3,9,43.4,18,57.73
3014,聯陽,"3,574,000","1,896","141,821,650",38.7,40.5,38.3,39.5,＋,0.8,39.5,14,39.55,1,21.24
3015,全漢,"744,000",387,"24,215,700",32.9,32.9,32.45,32.45,－,0.45,32.45,17,32.55,1,14.95
3016,嘉晶,"2,179,000","1,089","48,098,300",21.85,22.5,21.6,21.7,－,0.15,21.7,33,21.9,1,0
3017,奇鋐,"2,274,000",955,"50,890,250",22.7,22.7,22.25,22.55,－,0.15,22.5,6,22.55,209,28.19
3018,同開,"634,000",272,"14,607,900",23.3,23.35,22.75,23.05,－,0.25,23.05,5,23.15,1,135.59
3019,亞光,"18,850,000","8,039","683,293,500",34.8,37.2,34.4,36.55,＋,1.7,36.5,112,36.55,1,0
3021,鴻名,"6,287,000","1,991","96,946,650",14.7,15.7,14.55,15.7,＋,1,15.7,141,--,0,26.61
3022,威強電,"1,594,000",877,"85,979,400",53.8,54.4,53.3,53.9,＋,0.1,53.9,66,54,67,13.79
3023,信邦,"1,301,000",789,"61,816,800",47.5,47.8,47.2,47.3,－,0.1,47.3,8,47.4,1,13.48
3024,憶聲,"191,000",59,"1,170,110",6.11,6.16,6.1,6.11,＋,0.01,6.1,66,6.11,5,0
3025,星通,"210,000",94,"2,403,850",11.4,11.6,11.35,11.45,＋,0.05,11.45,9,11.5,1,22.02
3026,禾伸堂,"396,000",152,"17,726,300",45,45.3,44.5,44.85,－,0.1,44.85,17,44.95,2,14.24
3027,盛達,"2,242,000",717,"55,658,850",24.4,25.3,24.3,25.2,＋,0.8,25.2,10,25.25,40,63
3028,增你強,"241,000",130,"4,518,650",18.7,18.8,18.7,18.75,,0,18.7,67,18.8,64,18.94
3029,零壹,"187,000",83,"3,378,150",18.05,18.2,18,18.05,,0,18.05,23,18.1,10,17.87
3030,德律,"1,541,000",896,"78,569,600",50.2,51.7,50,51.5,＋,1.55,51.5,2,51.6,20,15.28
3031,佰鴻,"372,000",214,"6,103,450",16.2,16.55,16.2,16.45,＋,0.15,16.4,10,16.45,32,56.72
3032,偉訓,"4,589,000","1,751","128,729,600",27.5,28.5,27.5,28.15,＋,0.65,28.15,2,28.2,49,29.63
3033,威健,"346,000",191,"8,857,300",25.6,25.7,25.55,25.55,－,0.1,25.55,135,25.6,23,12.11
3034,聯詠,"4,153,000","1,713","589,202,500",141.5,144,139,143,＋,2,143,529,143.5,20,17.59
3035,智原,"2,216,000","1,021","88,085,150",39.9,40.1,39.5,39.7,－,0.05,39.65,6,39.75,10,20.89
3036,文曄,"824,000",517,"36,615,300",44.6,44.65,44.2,44.5,－,0.1,44.45,115,44.5,9,11.15
3037,欣興,"6,833,000","2,425","197,653,150",29.15,29.15,28.8,28.8,－,0.4,28.8,413,28.85,3,68.57
3038,全台,"394,000",132,"3,216,460",8.14,8.23,8.14,8.18,＋,0.04,8.16,10,8.18,15,19.48
3040,遠見,"115,000",57,"3,390,550",29.25,29.65,29.25,29.65,＋,0.1,29.35,1,29.65,19,109.81
3041,揚智,"1,583,000",771,"51,226,000",32.3,32.6,32.15,32.35,－,0.05,32.35,9,32.4,2,9.49
3042,晶技,"2,551,000",952,"114,756,100",45.2,45.35,44.7,44.9,－,0.45,44.9,17,44.95,11,14.67
3043,科風,"174,000",64,"1,415,160",7.89,8.32,7.89,8,＋,0.21,7.91,10,8,31,0
3044,健鼎,"1,140,000",757,"65,687,100",57.4,58.1,57,57.6,＋,0.1,57.5,11,57.6,14,12.91
3045,台灣大,"6,185,000","3,037","617,717,600",100,100.5,99.4,99.4,－,0.6,99.4,53,99.5,1,16.85
3046,建,"160,000",60,"1,000,960",6.39,6.39,6.16,6.29,＋,0.03,6.29,1,6.3,8,0
3047,訊舟,"4,062,000","1,182","61,488,700",14.9,15.3,14.8,15.1,＋,0.1,15.05,39,15.1,107,22.21
3048,益登,"725,000",303,"16,783,050",23.2,23.4,22.9,23.2,,0,23.15,7,23.2,3,16.69
3049,和鑫,"3,141,000",891,"26,768,120",8.59,8.61,8.5,8.53,－,0.06,8.53,77,8.54,5,13.98
3050,鈺德,"380,000",69,"2,760,680",7.3,7.31,7.2,7.26,－,0.03,7.24,2,7.26,9,0
3051,力特,"909,000",167,"5,737,870",6.32,6.47,6.16,6.3,＋,0.06,6.3,1,6.34,10,6.24
3052,夆典,"1,256,000",328,"21,677,300",17.3,17.4,17.2,17.2,－,0.15,17.15,137,17.2,40,2.19
3054,萬國,"1,218,000",473,"24,174,850",20,20.1,19.7,19.75,－,0.25,19.75,113,19.8,3,8.94
3055,蔚華科,"851,000",282,"15,047,150",17.45,18,17.45,18,＋,0.45,17.95,8,18,82,0
3056,總太,"914,000",272,"20,173,850",22.2,22.25,22,22,－,0.1,21.95,25,22,32,3.4
3057,喬鼎,"958,000",605,"40,999,150",42.8,43.25,42.35,42.8,,0,42.8,8,42.85,2,19.54
3058,立德,"254,000",68,"3,406,550",13.45,13.5,13.4,13.4,－,0.05,13.35,47,13.4,28,19.42
3059,華晶科,"9,153,000","3,114","259,536,900",28,28.8,27.85,27.85,＋,0.05,27.85,6,27.9,46,0
3060,銘異,"1,371,000",936,"232,737,000",171,171.5,168,168.5,＋,2.5,168.5,17,169,84,54.89
3061,璨圓,"967,000",387,"16,786,000",17.4,17.45,17.25,17.3,－,0.1,17.3,139,17.35,3,0
3062,建漢,"1,512,000",744,"47,203,050",30.65,31.6,30.65,31.3,＋,0.3,31.3,14,31.35,26,84.59
3090,日電貿,"263,000",154,"8,367,400",31.8,32,31.7,31.85,－,0.15,31.85,12,31.9,7,11.97
3094,聯傑,"4,805,000","2,890","213,003,650",42.95,45,42.55,44,＋,1.05,44,37,44.2,19,46.32
3130,一零四,"3,000",3,"339,500",113.5,113.5,113,113,＋,0.5,112.5,1,113,3,14.79
3149,正達,"1,498,000",844,"51,942,750",33.7,35,33.7,34.75,＋,1.05,34.75,2,34.8,28,0
3164,景岳,"934,000",517,"46,249,400",49,50,48.8,49.45,＋,0.95,49.45,2,49.6,6,"1,648.33"
3167,大量,"375,000",278,"17,417,650",46.05,47.1,45.85,45.85,－,0.1,45.85,1,46.05,1,18.56
3189,景碩,"3,177,000","1,646","407,146,500",130,130,125,130,＋,1,129.5,1,130,73,17.81
3209,全科,"888,000",384,"26,448,650",30.1,30.2,29.5,29.7,－,0.4,29.7,16,29.8,5,12.64
3229,晟鈦,"200,000",107,"9,602,750",48.5,48.5,47.9,47.9,,0,47.9,7,48.05,4,81.19
3231,緯創,"7,710,000","3,111","208,313,050",27,27.15,26.8,27,,0,27,249,27.05,125,14.36
3257,虹冠電,"1,568,000","1,109","173,782,500",107,113.5,106.5,113.5,＋,6,113,19,113.5,23,24.41
3296,勝德,"239,000",100,"4,961,600",20.7,21.2,20.2,21.1,－,0.05,20.8,2,21.1,13,0
3305,昇貿,"226,000",135,"8,331,600",36.8,37.15,36.75,37,,0,36.9,25,37,21,13.5
3308,聯德,"76,000",30,"830,800",10.8,11,10.8,11,,0,11,26,11.05,2,0
3311,閎暉,"330,000",207,"11,122,750",33.8,33.8,33.6,33.7,－,0.2,33.7,23,33.8,13,54.35
3312,弘憶股,"81,000",37,"971,600",11.95,12.05,11.95,12,＋,0.05,11.95,38,12,3,12.9
3315,宣昶,"98,000",68,"1,953,450",20.1,20.25,19.8,19.9,－,0.25,19.9,5,19.95,3,15.43
3338,泰碩,"193,000",119,"7,207,050",37.75,37.75,37.1,37.2,－,0.5,37.2,2,37.3,1,18.06
3356,奇偶,"215,000",184,"32,339,000",149,151.5,149,150,＋,0.5,150,33,151,2,16.2
3376,新日興,"870,000",655,"75,676,900",87.5,87.8,86.6,87.1,－,0.4,87.1,3,87.3,4,17.21
3380,明泰,"1,822,000",900,"41,656,800",23.2,23.35,22.65,22.85,－,0.35,22.85,55,22.9,4,14.37
3383,新世紀,"4,479,000","2,118","106,626,150",23.4,24.25,23.05,24.2,＋,0.8,24.05,5,24.2,144,0
3406,玉晶光,"660,000",470,"60,650,300",91.2,92.7,91.2,91.7,－,1.2,91.7,6,91.9,45,0
3419,譁裕,"285,000",133,"4,484,300",15.7,15.85,15.65,15.7,＋,0.05,15.7,30,15.8,103,0
3432,台端,"111,000",57,"1,678,700",14.95,15.4,14.8,15.2,＋,0.35,15.2,1,15.25,6,0
3443,創意,"521,000",443,"48,361,200",92.5,93.8,92.2,92.5,,0,92.5,5,92.7,1,36.85
3450,聯鈞,"1,213,000",951,"163,684,500",135,136,133,136,＋,3,135.5,25,136,124,18.04
3454,晶睿,"539,000",426,"69,492,500",129.5,130,128,130,＋,0.5,129.5,4,130,122,14.01
3474,華亞科,"65,121,000","18,259","3,525,429,700",54.8,55,53.3,53.3,－,0.7,53.3,817,53.4,21,9.83
3481,群創,"57,610,000","9,182","706,277,150",12.15,12.35,12.1,12.35,＋,0.2,12.3,446,12.35,3284,31.67
3494,誠研,"1,540,000",690,"34,643,450",22.35,22.95,22,22.9,＋,0.8,22.85,6,22.9,16,"2,290.00"
3501,維熹,"467,000",315,"25,897,200",54.9,56.4,54.4,55,＋,0.1,55,29,55.1,1,14.78
3504,揚明光,"2,910,000","1,851","210,668,300",72.6,73.4,71.4,72,－,0.2,72,14,72.2,2,42.86
3514,昱晶,"4,970,000","2,297","161,726,200",32.25,33.05,32.15,32.4,－,0.45,32.4,9,32.45,6,90
3515,華擎,"73,000",67,"8,627,500",118,118.5,117.5,118.5,－,0.5,118,9,119,15,13.27
3518,柏騰,"425,000",298,"34,157,900",80.6,81.5,79.7,79.9,－,0.7,79.9,3,80.1,13,204.87
3519,綠能,"3,188,000","1,691","87,102,650",27.15,27.8,27,27.1,－,0.35,27.05,100,27.1,10,0
3532,台勝科,"208,000",128,"7,455,800",36.1,36.4,35.6,35.7,－,0.4,35.6,1,35.7,73,58.52
3533,嘉澤,"1,362,000",958,"178,675,000",133,134,129,131,－,1,131,19,131.5,6,14.77
3535,晶彩科,"5,673,000","1,553","90,634,900",15.45,16.2,15.45,16.2,＋,1.05,16.2,2528,--,0,0
3536,誠創,"160,000",69,"1,433,100",8.9,9.06,8.86,8.9,－,0.09,8.9,6,8.96,1,0
3545,旭曜,"810,000",450,"40,519,350",50,50.5,49.8,50,－,0.2,50,11,50.1,9,16.34
3550,聯穎,"86,000",53,"1,453,700",17.3,17.3,16.8,16.95,－,0.1,16.95,4,17.05,6,14.87
3557,嘉威,"241,000",75,"1,854,980",7.72,7.72,7.67,7.7,,0,7.7,8,7.73,49,0
3559,全智科,"893,000",287,"16,070,600",18.05,18.2,17.7,18.05,,0,18.05,40,18.1,5,18.61
3561,昇陽科,"3,694,000","1,703","90,359,200",24.5,24.75,24.2,24.35,－,0.3,24.3,201,24.35,5,110.68
3573,穎台,"254,000",129,"7,971,500",31.25,31.5,31.2,31.5,－,0.2,31.5,1,31.55,1,0
3576,新日光,"11,871,000","4,911","431,934,800",36.15,36.85,36,36.2,－,0.2,36.2,4,36.25,9,18.95
3579,尚志,"141,000",69,"3,662,400",25.65,26.2,25.65,26,－,0.05,25.95,10,26,3,0
3583,辛耘,"140,000",103,"7,726,700",54.8,55.6,54.6,55.1,＋,0.3,55.1,31,55.3,2,20.26
3584,介面,"1,880,000",916,"46,942,500",24.95,25.4,24.65,24.65,＋,0.6,24.65,7,24.75,1,0
3588,通嘉,"732,000",534,"40,953,300",55.8,56.9,55.3,55.4,－,0.2,55.4,6,55.5,4,22.61
3591,艾笛森,"756,000",424,"27,721,300",36.8,37.2,36.15,36.5,－,0.4,36.5,19,36.65,2,0
3593,力銘,"7,198,000","1,960","146,609,400",19.35,20.7,19.15,20.7,＋,1.35,20.7,717,--,0,0
3596,智易,"1,686,000","1,146","79,092,750",45.45,47.45,45.4,47.05,＋,1.35,47.05,24,47.15,1,12.51
3598,奕力,"396,000",287,"25,545,800",64.2,64.8,64.2,64.6,＋,0.4,64.5,38,64.6,8,21.04
3605,宏致,"296,000",174,"11,173,450",38,38.25,37.6,37.65,－,0.5,37.65,1,37.75,1,17.59
3607,谷崧,"198,000",148,"10,534,700",53.4,53.5,53,53.3,－,0.2,53.2,8,53.3,4,21.49
3617,碩天,"86,000",70,"6,029,800",70,70.6,70,70.4,,0,70.1,4,70.4,5,14.31
3622,洋華,"344,000",219,"9,914,450",28.9,29,28.65,28.65,－,0.15,28.65,24,28.7,2,0
3638,F-IML,"64,000",37,"5,768,900",90.1,90.3,90.1,90.3,＋,0.3,90.1,5,90.3,36,17.23
3645,達邁,"1,816,000","1,033","78,133,050",43.3,43.8,42.35,42.45,－,0.85,42.45,5,42.7,1,51.77
3653,健策,"1,624,000","1,176","187,116,500",110.5,117,110,117,＋,3.5,116.5,17,117,74,33.72
3665,F-貿聯,"829,000",644,"118,231,500",144,144,142,143,－,1.5,142.5,4,143,124,20.11
3669,圓展,"125,000",80,"3,215,800",25.7,25.9,25.5,25.85,＋,0.15,25.6,10,25.85,18,0
3673,F-TPK,"10,212,000","6,617","2,856,501,500",276.5,284,274.5,282,＋,5.5,282,24,282.5,55,34.73
3679,新至陞,"52,000",45,"2,521,150",48.35,48.8,48.35,48.35,－,0.55,48.35,11,48.4,1,12.79
3682,亞太電,"30,840,000","7,643","537,838,250",17.1,17.7,17.05,17.5,＋,0.35,17.45,408,17.5,322,38.89
3686,達能,"3,460,000","1,257","52,914,350",15.2,15.5,15.1,15.15,－,0.25,15.15,153,15.2,119,0
3694,海華,"281,000",137,"4,973,450",17.6,17.95,17.55,17.6,－,0.1,17.6,5,17.65,2,0
3698,隆達,"6,107,000","2,335","185,740,000",30,30.85,29.7,30.6,＋,0.65,30.55,34,30.6,6,29.14
3701,大眾控,"4,000",3,"35,160",8.37,8.99,8.37,8.99,＋,0.03,8.38,2,9.16,3,0
3702,大聯大,"5,190,000","2,973","211,901,400",41.15,41.45,40.55,40.6,－,0.8,40.6,49,40.65,137,13.14
3703,欣陸,"444,000",133,"5,120,350",11.5,11.6,11.45,11.5,,0,11.5,62,11.55,119,11.73
3704,合勤控,"8,687,000","3,406","186,213,500",21.65,21.8,20.9,21.6,－,0.05,21.55,11,21.6,62,20.57
3705,永信,"1,168,000",702,"78,245,300",66.3,67.5,66,66.9,＋,0.6,66.8,13,66.9,13,25.83
3706,神達,"10,993,000","3,909","296,271,050",26.6,27.3,26.45,26.8,＋,0.6,26.8,166,26.85,11,34.81
4104,佳醫,"1,374,000",775,"85,240,400",61.1,62.8,61.1,62.1,＋,1,62,38,62.1,5,21.56
4106,雃博,"4,379,000","2,242","202,126,600",45.35,46.8,45.35,46.2,＋,0.85,46.2,2,46.25,23,25.96
4108,懷特,"560,000",349,"22,485,800",39.7,40.35,39.65,40.1,＋,0.35,40.1,23,40.2,5,0
4119,旭富,"851,000",566,"62,336,900",73,73.9,72.8,73.8,＋,1.4,73.8,2,73.9,7,28.72
4133,亞諾法,"834,000",596,"37,262,450",43.6,45.4,43.4,44.25,＋,1.1,44.2,3,44.25,2,42.55
4137,F-麗豐,"244,000",176,"63,021,500",258,259.5,257,259,＋,1,259,2,260,20,28.28
4141,F-龍燈,"206,000",102,"12,810,500",62.6,62.9,61.6,62.2,－,0.4,62,1,62.3,1,15.99
4142,國光生,"4,551,000","2,206","187,377,850",39.2,41.55,39,41.55,＋,2.7,41.55,293,--,0,0
4144,F-康聯,"264,000",191,"20,049,500",75.7,76.3,75.7,75.9,＋,0.2,75.9,1,76.1,11,16.32
4164,承業醫,"882,000",608,"72,208,600",81.7,82.7,80.9,81.9,＋,0.2,81.9,4,82,6,32.37
4306,炎洲,"464,000",195,"9,634,150",20.8,20.9,20.65,20.85,＋,0.05,20.8,121,20.85,1,19.49
4414,如興,"1,673,000",595,"36,703,100",22.1,22.2,21.6,21.85,－,0.25,21.85,30,21.9,25,14.57
4426,利勤,"45,000",30,"1,512,500",33.8,33.8,33.5,33.8,＋,0.15,33.5,7,33.8,1,11.99
4526,東台,"713,000",386,"23,859,950",33.45,33.65,33.2,33.6,＋,0.15,33.6,50,33.65,13,19.42
4532,瑞智,"678,000",475,"21,715,100",32.15,32.15,31.9,32.1,＋,0.1,32.05,4,32.1,39,14.52
4536,拓凱,"42,000",40,"6,707,500",160.5,160.5,159,160,＋,0.5,159,15,160.5,4,33.06
4722,國精化,"114,000",63,"2,853,050",25,25.15,24.85,24.85,－,0.1,24.85,22,25,11,17.14
4725,信昌化,"982,000",490,"28,932,750",29.95,29.95,29.3,29.45,－,0.45,29.45,51,29.5,5,0
4733,上緯,"1,545,000","1,007","164,389,500",104,108,103.5,108,＋,2.5,107.5,3,108,36,37.24
4737,華廣,"330,000",210,"23,266,700",72.8,72.8,69.8,70,－,2,69.9,4,70,3,42.68
4746,台耀,"575,000",404,"44,857,000",78.4,78.9,77.5,77.8,－,0.5,77.8,3,77.9,2,43.71
4755,三福化,"15,000",13,"427,050",28.55,28.55,28.4,28.5,＋,0.1,28.4,1,28.5,7,25.45
4904,遠傳,"3,502,000","1,843","238,989,100",68.7,68.7,68,68,－,0.5,68,223,68.3,2,18.33
4906,正文,"1,101,000",585,"32,386,500",29.2,29.7,29.05,29.55,＋,0.35,29.55,24,29.6,44,32.47
4915,致伸,"9,837,000","4,709","425,308,200",43.05,43.7,42.65,43.35,－,0.15,43.35,33,43.4,1,24.77
4916,事欣科,"264,000",203,"13,099,300",49.8,49.9,49.5,49.6,－,0.3,49.55,3,49.6,2,27.56
4919,新唐,"419,000",286,"12,847,150",30.7,30.95,30.5,30.9,＋,0.2,30.85,1,30.9,9,26.87
4930,燦星網,"445,000",189,"7,013,100",15.65,15.9,15.65,15.75,＋,0.05,15.7,11,15.75,86,0
4934,太極,"5,826,000","2,669","150,247,200",25.5,26.2,25.3,25.5,－,0.3,25.45,12,25.5,62,14.57
4935,F-茂林,"259,000",198,"10,585,800",41,41.1,40.6,40.95,－,0.05,40.7,2,40.95,2,17.65
4938,和碩,"5,403,000","2,538","299,553,800",56.4,56.4,55.2,55.5,－,0.5,55.5,3,55.6,114,12.91
4942,嘉彰,"452,000",255,"17,189,150",38,38.25,37.9,38.05,＋,0.05,38,14,38.05,3,10.84
4952,凌通,"435,000",253,"16,318,050",37.3,38,37.2,37.5,＋,0.2,37.5,4,37.6,7,13.99
4956,光鋐,"370,000",183,"9,639,200",26.1,26.3,25.9,25.95,－,0.15,25.95,11,26.05,3,34.14
4958,F-臻鼎,"6,556,000","2,623","627,692,000",95,97.7,94,95,,0,94.9,9,95,703,13.16
4960,奇美材,"3,189,000","1,300","113,171,100",35.5,35.65,35.25,35.65,－,0.15,35.65,20,35.7,66,6.92
4976,佳凌,"69,000",36,"2,234,250",32.8,32.8,32.2,32.5,＋,0.2,32.45,2,32.5,4,21.67
4977,F-眾達,"568,000",452,"43,223,200",74.5,78,74.5,78,X,0,77.7,1,78,3,19.4
4984,F-科納,"763,000",464,"35,506,650",46.5,47.45,45.65,46.3,＋,0.05,46.3,3,46.35,1,59.36
4994,傳奇,"1,038,000",725,"224,741,500",212,222,212,214,＋,2,213.5,12,214.5,2,39.41
4999,鑫禾,"273,000",212,"17,072,800",61.8,62.9,61.8,62.5,＋,0.7,62.4,4,62.5,4,12.38
5007,三星,"166,000",109,"14,198,800",86,86,84.9,85.9,＋,0.5,85.6,5,85.9,7,20.02
5203,訊連,"110,000",99,"10,680,400",97.4,97.5,96.6,97,－,0.4,97,2,97.2,6,14.24
5215,F-科嘉,"39,000",27,"1,192,550",30.65,30.8,30.25,30.25,－,0.7,30.25,2,30.65,8,22.24
5225,F-東科,"18,000",15,"1,139,600",63.7,63.8,62.7,62.9,－,0.5,62.9,1,63.4,3,14.26
5234,達興,"121,000",108,"6,642,700",53.8,55.2,53.8,55.1,＋,1.1,54.8,2,55.1,1,13.18
5243,F-乙盛,"455,000",194,"22,387,300",49.4,49.7,48.85,49,－,0.35,49,5,49.1,11,21.3
5259,清惠,"97,000",54,"1,431,500",14.95,14.95,14.6,14.9,,0,14.7,12,14.9,8,0
5264,F-鎧勝,"5,158,000","3,193","911,429,000",174.5,178.5,174.5,176.5,＋,6,176,67,176.5,50,10.91
5269,祥碩,"320,000",190,"53,115,500",161,172.5,160.5,168,＋,4,168,6,170,6,84.85
5280,F-敦泰,"343,000",259,"82,025,000",239,241,238,241,＋,1,240.5,2,241,2,10.56
5285,界霖,"251,000",59,"11,738,300",47.25,47.25,46,46.6,－,0.65,46.6,3,46.8,1,28.41
5305,敦南,"887,000",420,"19,479,000",21.65,22.2,21.65,22,－,0.15,21.95,17,22,15,40.74
5388,中磊,"17,639,000","9,104","1,343,910,500",75,78.4,73.6,76.1,＋,0.9,76.1,30,76.2,1,18.84
5434,崇越,"735,000",512,"44,277,900",60.5,60.7,60,60,－,0.5,60,36,60.1,3,11.86
5469,瀚宇博,"398,000",132,"4,642,750",11.7,11.75,11.55,11.65,－,0.05,11.65,25,11.7,113,0
5471,松翰,"677,000",476,"40,490,900",59.5,60.4,59.3,60,＋,0.7,60,1,60.1,1,19.35
5484,慧友,"295,000",85,"3,615,900",12.3,12.4,12.2,12.2,,0,12.2,5,12.25,1,0
5515,建國,"549,000",106,"7,387,950",13.45,13.55,13.4,13.5,＋,0.05,13.45,76,13.5,29,42.19
5519,隆大,"164,000",78,"4,681,100",28.65,28.65,28.45,28.5,－,0.1,28.5,2,28.55,7,6.74
5521,工信,"2,212,000",219,"30,007,400",13.55,13.65,13.35,13.35,－,0.2,13.35,136,13.4,3,47.68
5522,遠雄,"867,000",535,"35,596,850",41.1,41.15,41,41.15,＋,0.05,41.1,3,41.15,13,5.37
5525,順天,"44,000",24,"907,250",20.7,20.7,20.5,20.7,,0,20.65,3,20.7,17,6.55
5531,鄉林,"975,000",347,"25,375,550",25.95,26.3,25.75,26.1,＋,0.35,26.1,16,26.15,22,6.53
5533,皇鼎,"149,000",46,"2,825,750",19,19.05,18.9,19,－,0.05,18.95,1,19.05,94,5.62
5534,長虹,"311,000",224,"25,152,000",80.9,81.3,80.3,81,＋,0.2,81,8,81.1,10,168.75
5538,F-東明,"197,000",43,"5,252,950",26.9,26.95,26.55,26.95,＋,0.05,26.7,3,26.95,5,19.11
5607,遠雄港,"451,000",162,"9,321,650",20.75,20.8,20.6,20.65,－,0.15,20.65,36,20.7,3,17.8
5608,四維航,"126,000",69,"2,555,400",20.35,20.35,20.2,20.2,－,0.15,20.2,76,20.3,38,22.95
5706,鳳凰,"80,000",56,"4,151,600",52,52,51.7,51.8,－,0.5,51.8,18,52,15,23.13
5871,F-中租,"3,431,000","1,787","252,469,900",74.5,74.5,73.3,73.4,,0,73.4,15,73.5,7,12.07
5880,合庫金,"7,519,000","1,457","126,713,050",16.8,16.9,16.75,16.9,＋,0.1,16.85,71,16.9,1072,17.07
5906,F-台南,"73,000",36,"672,270",9.25,9.25,9.1,9.11,－,0.14,9.11,3,9.18,2,0
5907,F-大洋,"1,067,000",536,"68,210,200",64.9,65.4,62.9,62.9,－,2,62.9,23,63,51,11.31
6005,群益證,"1,160,000",277,"13,027,550",11.2,11.3,11.2,11.25,－,0.05,11.2,228,11.25,361,16.07
6108,競國,"292,000",122,"6,724,650",23.05,23.15,22.9,23,－,0.05,23,18,23.05,9,19.83
6112,聚碩,"163,000",89,"6,186,250",38.1,38.2,37.9,38,－,0.1,37.95,4,38,2,14.96
6115,鎰勝,"163,000",80,"7,551,600",46.45,46.45,46.15,46.3,－,0.15,46.2,1,46.3,3,12.9
6116,彩晶,"7,446,000","1,586","83,445,500",11.2,11.25,11.15,11.2,,0,11.2,489,11.25,730,5.52
6117,迎廣,"247,000",142,"5,383,550",21.4,22.5,21.35,22,＋,0.65,22,12,22.05,1,46.81
6120,輔祥,"895,000",271,"10,547,450",11.7,11.9,11.7,11.7,,0,11.7,22,11.75,10,0
6128,上福,"126,000",53,"4,884,500",38.8,38.9,38.6,38.8,,0,38.7,1,38.8,11,15.16
6131,悠克,"2,755,000",516,"47,707,000",16.8,17.45,16.7,17.45,＋,1.1,17.45,9893,--,0,0
6133,金橋,"428,000",159,"5,492,450",13.05,13.05,12.75,12.75,－,0.3,12.75,7,12.9,11,38.64
6136,富爾特,"144,000",59,"4,015,050",27.75,27.95,27.75,27.9,,0,27.85,2,27.9,12,14.02
6139,亞翔,"300,000",183,"8,143,800",27.35,27.45,27,27.2,－,0.4,27.2,4,27.25,1,15.37
6141,柏承,"1,035,000",418,"13,280,100",12.5,13.15,12.4,13.1,＋,0.6,13.1,55,13.15,42,0
6142,友勁,"880,000",247,"7,805,550",8.85,8.95,8.76,8.85,,0,8.84,49,8.85,9,0
6145,勁永,"1,341,000",361,"21,524,700",15.9,16.25,15.7,16.2,＋,0.3,16.1,1,16.2,2,0
6152,百一,"473,000",177,"9,360,400",19.75,19.9,19.75,19.9,＋,0.15,19.85,1,19.9,66,21.63
6153,嘉聯益,"2,435,000","1,108","112,185,250",46.15,46.5,45.7,46.05,－,0.1,46,32,46.05,70,23.86
6155,鈞寶,"177,000",84,"5,050,600",28.8,28.9,28.3,28.4,－,0.35,28.35,9,28.5,1,21.19
6164,華興,"125,000",64,"2,432,550",19.4,19.6,19.4,19.5,＋,0.1,19.45,11,19.5,70,16.25
6165,捷泰,"950,000",352,"8,581,130",9.19,9.22,8.92,9.1,－,0.14,9.1,1,9.14,1,0
6166,凌華,"4,216,000","2,772","308,919,000",70.1,75,69.1,75,＋,4.9,75,80,--,0,26.88
6168,宏齊,"817,000",307,"18,077,650",22.2,22.35,21.8,22.3,＋,0.05,22.3,20,22.35,8,31.86
6172,互億,"45,000",18,"288,140",6.24,6.42,6.24,6.42,＋,0.42,6.33,17,6.42,7,80.25
6176,瑞儀,"2,511,000","1,414","309,108,000",124,124.5,122,123,－,1,123,107,123.5,36,13.62
6177,達麗,"60,000",37,"2,158,400",36,36.15,35.85,35.95,－,0.15,35.85,6,35.95,8,0
6183,關貿,"83,000",54,"2,300,400",27.9,27.9,27.5,27.6,－,0.3,27.55,12,27.75,1,20.29
6184,大豐電,"40,000",34,"2,025,700",50.7,50.8,50.6,50.6,－,0.2,50.5,21,50.6,9,17.27
6189,豐藝,"537,000",296,"21,359,500",40,40,39.65,39.7,－,0.1,39.7,34,39.75,18,11.75
6191,精成科,"423,000",182,"4,538,250",10.7,10.8,10.65,10.7,,0,10.65,78,10.7,59,0
6192,巨路,"202,000",131,"14,527,000",71.8,72.4,71.4,71.8,＋,0.2,71.5,21,71.8,4,12.89
6196,帆宣,"1,503,000",558,"35,367,850",23.25,23.95,23.05,23.6,＋,0.3,23.6,8,23.65,7,12.04
6197,佳必琪,"2,045,000","1,058","65,600,750",31,32.65,30.9,32.15,＋,1.25,32.15,3,32.2,59,25.31
6201,亞弘電,"51,000",28,"1,329,700",26.15,26.2,26,26.2,＋,0.05,26,10,26.2,4,25.19
6202,盛群,"1,691,000","1,160","103,008,100",60.6,61.5,59.8,60.8,＋,0.2,60.7,8,60.8,84,18.1
6205,詮欣,"162,000",90,"6,318,950",38.85,39.2,38.6,39.05,－,0.05,39.05,1,39.2,2,16.34
6206,飛捷,"674,000",559,"88,839,500",130.5,133,129,132.5,＋,2,132,27,132.5,9,19.23
6209,今國光,"427,000",246,"10,249,850",23.7,24.15,23.7,24.1,＋,0.25,24.1,5,24.15,67,141.76
6213,聯茂,"277,000",195,"8,827,150",32.05,32.1,31.7,31.8,－,0.3,31.8,1,31.95,1,14.93
6214,精誠,"669,000",482,"37,758,200",56.3,57.1,55.9,56.3,＋,0.4,56.3,52,56.4,5,15.34
6215,和椿,"569,000",152,"9,191,200",15.9,16.3,15.85,16,＋,0.05,16,95,16.1,7,34.78
6216,居易,"194,000",115,"5,887,600",30.55,30.55,30.2,30.25,－,0.25,30.25,9,30.3,4,14.27
6224,聚鼎,"279,000",200,"22,816,900",82.5,82.5,81.6,81.6,－,0.9,81.5,18,81.6,2,17
6225,天瀚,"162,000",34,"1,034,670",6.38,6.49,6.33,6.37,＋,0.07,6.3,10,6.37,24,0
6226,光鼎,"414,000",135,"4,572,350",11,11.15,10.95,10.95,－,0.05,10.95,58,11,5,36.5
6230,超眾,"1,105,000",842,"95,713,900",87.3,88.1,86,86.1,－,1.4,86.1,19,86.2,3,14.95
6235,華孚,"104,000",45,"756,970",7.21,7.35,7.21,7.28,＋,0.03,7.25,3,7.28,1,0
6239,力成,"2,709,000","1,411","144,019,300",53.1,53.6,52.6,53.5,＋,0.1,53.5,10,53.6,16,0
6243,迅杰,"11,632,000","5,043","358,739,800",29.3,31.35,29,31.2,＋,1.9,31.15,3,31.2,23,0
6251,定穎,"2,370,000",658,"34,993,150",14.6,15,14.5,14.55,－,0.1,14.55,134,14.6,26,0
6257,矽格,"3,856,000","1,969","137,113,550",35,35.8,35,35.8,＋,0.55,35.75,8,35.8,73,13.61
6269,台郡,"897,000",591,"70,217,000",77.6,78.6,77.6,78.4,＋,0.8,78.4,12,78.5,6,9.14
6271,同欣電,"99,000",93,"15,447,500",155,157,155,156,－,0.5,156,13,156.5,2,16.17
6277,宏正,"167,000",135,"14,611,000",86.6,87.9,86.6,87.4,＋,0.8,87.4,1,87.5,2,13.9
6278,台表科,"723,000",554,"32,095,050",44,44.6,43.9,44.35,＋,0.35,44.35,11,44.4,10,12.05
6281,全國電,"46,000",27,"2,985,600",65,65,64.6,65,,0,64.7,5,65,20,15.93
6282,康舒,"2,477,000","1,567","96,453,850",39.35,39.35,38.7,38.75,－,0.4,38.7,103,38.75,9,17.78
6283,淳安,"211,000",87,"1,820,820",8.59,8.71,8.59,8.68,＋,0.09,8.66,3,8.68,5,0
6285,啟,"841,000",552,"59,793,600",70.2,71.7,70,71,＋,0.5,71,135,71.1,13,15.37
6286,立錡,"499,000",427,"88,746,500",178,180.5,176.5,178.5,＋,0.5,178,17,178.5,4,19.59
6289,華上,"207,000",58,"662,260",3.17,3.25,3.15,3.21,＋,0.04,3.21,4,3.24,9,0
6405,悅城,"594,000",413,"43,892,300",74.7,74.9,73.1,73.2,－,1.8,73.2,11,73.4,1,12.73
6409,旭隼,"267,000",221,"60,016,500",224,227.5,222,225.5,＋,1,225,11,226.5,3,23.25
6412,群電,"389,000",196,"17,856,900",45.85,46.05,45.6,45.75,－,0.1,45.7,21,45.8,2,19.55
6414,樺漢,"159,000",129,"30,393,000",190,192.5,189.5,191.5,＋,1,191,7,191.5,1,34.26
6415,F-矽力,"198,000",158,"50,555,500",255,258,253,255,＋,2,255,24,255.5,2,30.32
6504,南六,"114,000",103,"17,747,500",153.5,157,153.5,156,＋,2.5,155,10,156,3,27.56
6505,台塑化,"2,764,000","1,212","212,679,600",77,77.3,76.4,77.1,＋,0.7,76.9,1,77.1,3,28.24
6605,帝寶,"413,000",302,"52,134,000",126.5,127,125,127,,0,126.5,3,127,8,15.26
6702,復航,"279,000",135,"3,193,450",11.4,11.5,11.4,11.5,,0,11.45,11,11.5,66,20.54
8011,台通,"2,544,000","1,338","160,624,100",63,63.9,62.5,63.5,＋,0.5,63.4,13,63.5,3,20.96
8016,矽創,"1,340,000",965,"82,865,800",61.3,62.3,61.3,61.8,－,0.4,61.8,13,62,2,15.11
8021,尖點,"3,671,000","1,622","98,998,650",26.3,27.85,26,27.75,＋,1.2,27.75,16,27.8,24,15.25
8033,雷虎,"2,430,000",910,"42,092,950",17.35,17.8,16.9,17.1,－,0.2,17.1,50,17.15,3,50.29
8039,台虹,"1,206,000",699,"72,385,600",59.9,60.5,59.6,60,＋,0.5,60,44,60.1,6,12.02
8046,南電,"2,844,000","1,687","146,195,000",50.5,52.4,50.1,51.9,＋,1.9,51.8,6,51.9,35,0
8070,長華,"58,000",41,"4,600,700",79.2,79.6,79.2,79.3,＋,0.1,79.3,1,79.4,2,15.37
8072,陞泰,"860,000",595,"85,448,500",99.4,99.8,99,99.8,＋,0.8,99.7,5,99.8,18,23
8081,致新,"698,000",514,"74,547,500",109,109,105.5,107,－,1.5,106.5,12,107,5,15.9
8101,華冠,"4,190,000","1,198","66,850,850",15.85,16.2,15.55,16.2,＋,0.35,16,2,16.2,115,24.18
8103,瀚荃,"781,000",480,"39,075,600",50.1,50.5,49.7,49.9,－,0.3,49.85,75,49.9,4,12.57
8105,凌巨,"4,692,000","1,333","60,290,600",12.5,13.1,12.35,12.95,＋,0.35,12.9,54,12.95,95,0
8110,華東,"1,898,000",829,"25,437,350",13.3,13.55,13.25,13.35,＋,0.05,13.35,8,13.4,132,16.28
8112,至上,"4,610,000","1,054","80,980,800",17.55,17.75,17.35,17.45,－,0.1,17.45,102,17.5,46,33.56
8114,振樺電,"306,000",232,"56,772,500",188,188,184.5,187,,0,186,2,187,6,21.27
8131,福懋科,"803,000",374,"20,249,650",25.1,25.7,24.65,25.7,＋,0.8,25.6,1,25.7,10,54.68
8150,南茂,"1,174,000",641,"49,522,550",42.2,42.35,42,42.2,,0,42.15,1,42.2,20,15.29
8163,達方,"1,110,000",540,"24,190,350",21.75,22.1,21.6,21.85,＋,0.15,21.8,25,21.85,42,0
8201,無敵,"60,000",34,"829,800",14,14.05,13.7,13.75,－,0.05,13.75,2,13.8,2,0
8210,勤誠,"1,469,000",968,"91,582,900",61.3,63.3,61,61.7,＋,0.3,61.7,21,61.8,2,18.53
8213,志超,"4,713,000","1,999","214,817,650",44.95,46.05,44.8,45.6,＋,0.65,45.6,79,45.65,53,10.63
8215,明基材,"4,512,000","2,189","200,389,200",44.9,44.9,43.95,44.35,－,0.65,44.35,44,44.4,9,8.71
8249,菱光,"505,000",227,"13,229,300",26.15,26.45,26,26.15,＋,0.1,26.15,6,26.2,10,13.27
8261,富鼎,"584,000",214,"16,111,450",27.45,27.75,27.25,27.6,＋,0.1,27.55,51,27.6,25,0
8271,宇瞻,"1,446,000",718,"50,486,450",34.45,35.2,34.45,34.9,＋,0.45,34.8,19,34.9,2,10.97
8374,羅昇,"123,000",59,"2,967,100",24.4,24.5,23.95,23.95,－,0.1,23.95,2,24.3,4,99.79
8404,F-百和,"117,000",64,"2,410,500",20.75,20.75,20.45,20.55,－,0.2,20.55,1,20.6,1,14.08
8411,F-福貞,"234,000",162,"15,888,700",67.5,68.7,67.5,67.5,－,0.5,67.5,14,67.6,7,11.38
8422,可寧衛,"375,000",339,"66,470,000",174,180,173.5,178,＋,4.5,178,7,178.5,24,15.23
8427,F-基勝,"45,000",25,"2,251,400",50.2,50.2,49.9,50.2,,0,50.1,1,50.2,4,0
8429,F-金麗,"475,000",274,"38,124,700",80.1,80.9,79.9,80.4,,0,80.4,2,80.5,1,9.75
8926,台汽電,"734,000",368,"15,925,450",21.8,21.8,21.6,21.7,－,0.15,21.65,76,21.7,12,11.6
8940,新天地,"26,000",22,"576,400",22.25,22.3,22.1,22.1,－,0.2,22.05,2,22.1,6,0
8996,高力,"2,235,000","1,324","183,914,400",82,83.5,81,81.8,－,0.2,81.8,11,81.9,2,39.9
910069,新曄,0,0,0,--,--,--,--,,0,9.56,1,10.05,1,0
9103,美德醫,"1,203,000",196,"3,213,870",2.7,2.71,2.61,2.66,－,0.02,2.63,11,2.66,18,0
910322,康師傅,"46,000",28,"1,872,400",40.8,40.8,40.65,40.7,－,0.25,40.8,1,40.95,1,0
910482,聖馬丁,"274,000",58,"468,830",1.71,1.73,1.69,1.72,＋,0.01,1.71,8,1.73,112,0
9105,泰金寶,"4,461,000",324,"13,395,340",2.99,3.02,2.97,2.97,－,0.02,2.97,479,2.99,60,0
9106,新焦點,"129,000",12,"273,340",2.12,2.19,2.03,2.19,X,0,2.11,1,2.17,3,0
910708,新傳媒,"81,000",10,"410,680",5.11,5.23,5.06,5.08,X,0,5.08,3,5.19,3,0
910801,金衛,"1,047,000",332,"8,396,440",8.1,8.13,7.95,8.08,－,0.01,8,2,8.08,7,0
910861,神州,"95,000",31,"1,327,800",13.9,14.1,13.9,14,－,0.05,13.95,3,14.1,2,0
910948,融達,"313,000",41,"377,200",1.2,1.22,1.19,1.22,,0,1.2,10,1.22,22,0
9110,越南控,"46,000",17,"169,130",3.67,3.68,3.67,3.68,－,0.06,3.68,7,3.7,10,0
911608,明輝,"1,000",1,"6,430",6.43,6.43,6.43,6.43,＋,0.12,6.31,12,6.42,3,0
911609,揚子江,"12,000",6,"159,450",13.3,13.3,13.25,13.25,＋,0.2,13.15,10,13.3,15,0
911611,中泰山,"923,000",121,"1,907,890",1.97,2.11,1.96,2.09,＋,0.1,2.09,4,2.1,29,0
911612,滬安,"303,000",53,"809,890",2.62,2.69,2.62,2.66,＋,0.02,2.65,30,2.66,20,0
911616,杜康,"299,000",117,"1,595,570",5.28,5.37,5.28,5.33,＋,0.04,5.32,38,5.33,7,0
911619,HISAKA,"3,000",2,"15,250",5.15,5.15,5.05,5.05,＋,0.02,5.04,10,5.05,2,0
911622,泰聚亨,0,0,0,--,--,--,--,,0,12.5,1,--,0,0
911626,MSH,"3,000",1,"15,150",5.05,5.05,5.05,5.05,－,0.05,5.04,5,5.13,3,0
911868,真明麗,"122,000",27,"352,230",2.86,2.94,2.85,2.85,－,0.04,2.85,5,2.88,5,0
912000,晨訊科,"40,000",10,"105,870",2.62,2.7,2.62,2.64,－,0.05,2.64,6,2.7,12,0
912398,友佳,"25,000",15,"236,140",9.5,9.53,9.33,9.53,－,0.04,9.45,5,9.53,5,0
9136,巨騰,"1,064,000",334,"22,763,750",21.5,21.7,21.2,21.4,－,0.05,21.4,30,21.45,68,0
913889,大成糖,"50,000",18,"151,630",3.05,3.08,3.01,3.01,－,0.02,3.01,10,3.04,2,0
9157,陽光能,"269,000",106,"762,520",2.8,2.94,2.76,2.77,－,0.04,2.77,2,2.8,10,0
9188,精熙,"155,000",11,"508,390",3.25,3.3,3.24,3.26,,0,3.26,9,3.28,12,0
9802,F-鈺齊,"95,000",54,"3,499,500",37,37,36.8,36.9,－,0.1,36.8,2,36.9,1,15.91
9902,台火,"63,000",31,"968,800",15.4,15.45,15.3,15.45,,0,15.45,12,15.5,10,0
9904,寶成,"10,558,000","3,996","368,272,400",34.95,35.3,34,35.3,－,0.35,35.25,11,35.3,35,10.03
9905,大華,"239,000",173,"8,535,850",35.6,36,35.4,35.75,＋,0.05,35.75,10,35.9,6,12.81
9906,欣巴巴,"42,000",31,"1,292,250",30.9,31,30.65,30.65,－,0.25,30.65,142,31,4,0
9907,統一實,"6,634,000","2,524","196,517,800",30.05,30.15,29.4,29.4,－,0.65,29.4,65,29.5,4,36.3
9908,大台北,"114,000",58,"2,836,350",25.05,25.05,24.75,25,－,0.1,24.85,6,25,2,19.53
9910,豐泰,"509,000",466,"42,365,700",84.2,84.2,82.6,84.1,－,0.2,83.9,4,84.1,26,18.4
9911,櫻花,"355,000",148,"7,727,150",21.7,21.9,21.6,21.8,＋,0.1,21.75,3,21.8,6,11.91
9912,偉聯,"137,000",54,"2,395,050",17.55,17.55,17.2,17.45,＋,0.05,17.4,3,17.5,59,0
9914,美利達,"885,000",820,"172,176,500",195.5,197.5,193.5,197.5,＋,2,197,6,197.5,5,19.05
9917,中保,"408,000",270,"31,443,600",77,77.3,76.8,77.1,,0,77.1,2,77.2,24,16.98
9918,欣天然,"76,000",43,"2,706,300",35.2,35.85,35.2,35.6,＋,0.4,35.3,2,35.65,5,27.81
9919,康那香,"281,000",110,"4,001,650",14.25,14.4,14.2,14.25,,0,14.2,5,14.25,25,129.55
9921,巨大,"212,000",184,"49,399,500",230.5,235,230.5,234,－,1,233.5,10,234,1,23.85
9924,福興,"141,000",92,"4,418,200",31.45,31.45,31.2,31.45,,0,31.25,9,31.45,45,10.41
9925,新保,"178,000",119,"7,216,700",40.85,40.85,40.45,40.6,－,0.25,40.5,11,40.6,6,14.05
9926,新海,"15,000",15,"653,250",43.1,43.85,43.1,43.7,＋,0.7,43.1,4,43.75,1,27.48
9927,泰銘,"221,000",110,"7,921,150",35.9,35.9,35.7,35.8,－,0.05,35.75,33,35.8,51,12.01
9928,中視,"60,000",20,"901,350",15.05,15.05,15,15,－,0.15,15,10,15.1,12,0
9929,秋雨,"302,000",51,"3,018,970",10,10.05,9.97,10.05,＋,0.05,10,54,10.05,10,0
9930,中聯資,"67,000",45,"4,931,100",73.7,74,73.4,74,＋,0.3,73.6,19,74,4,17.79
9931,欣高,"6,000",6,"251,000",41.95,42,41.25,42,＋,0.05,41.2,2,42,2,24.71
9933,中鼎,"791,000",547,"40,029,800",50.1,50.9,50.1,50.5,＋,0.4,50.5,62,50.6,20,24.4
9934,成霖,"608,000",306,"10,269,250",16.9,17,16.8,16.9,,0,16.9,6,16.95,81,2.83
9935,慶豐富,"2,038,000",550,"19,311,070",9.13,9.69,9.1,9.4,＋,0.27,9.36,39,9.4,21,0
9937,全國,"177,000",120,"5,303,950",30,30,29.85,29.85,－,0.15,29.85,27,29.95,11,27.39
9938,百和,"1,799,000","1,235","72,584,550",40.55,40.85,40.1,40.3,－,0.25,40.3,9,40.35,2,15.09
9939,宏全,"917,000",540,"54,123,900",59.7,59.8,58.8,59.1,－,0.4,59.1,13,59.2,8,15.59
9940,信義,"1,274,000",657,"69,695,300",54.2,55,54.2,55,＋,0.8,54.9,26,55,61,12.33
9941,裕融,"230,000",149,"18,330,900",79.9,80,79.5,79.9,,0,79.6,14,79.9,9,14.42
9942,茂順,"197,000",170,"25,830,000",134.5,134.5,130,130.5,－,4,130.5,2,131,1,20.11
9943,好樂迪,"1,659,000",853,"78,090,450",47.3,47.6,46.65,47.1,－,0.2,47.1,6,47.15,10,16.3
9944,新麗,"4,151,000","1,391","231,368,200",54.2,57.4,54,55.4,＋,1.7,55.3,11,55.4,69,51.78
9945,潤泰新,"3,427,000","1,836","187,021,400",54,55,53.8,54.6,＋,0.6,54.5,13,54.6,21,2.11
9946,三發,"292,000",76,"6,677,000",22.8,23.05,22.8,22.8,－,0.1,22.75,16,22.8,68,4.63
9955,佳龍,"113,000",53,"2,416,800",21.7,21.7,21.2,21.5,,0,21.4,5,21.5,1,0
9958,世紀鋼,"331,000",113,"4,363,500",13.25,13.25,13.15,13.15,－,0.1,13.15,36,13.2,8,15.29
漲跌符號說明:[+ ->漲][- ->跌][X ->不比價],,,,,,,,,,,,,,,
說明一:當證券代號為認購權證時本益比欄位置為結算價,,,,,,,,,,,,,,,
說明二:當證券代號為外國股票時本益比欄位置為每交易單位所含股數,,,,,,,,,,,,,,,
說明三:以上成交資料不含拍賣、標購資料,,,,,,,,,,,,,,,
